test_all_supported_exclusions_need_exact_evidence (test_account_classification.AccountClassificationTests.test_all_supported_exclusions_need_exact_evidence) ... ok
test_both_expirations_and_future_boundaries_are_enforced (test_account_classification.AccountClassificationTests.test_both_expirations_and_future_boundaries_are_enforced) ... ok
test_checksum_missing_reader_and_malformed_hash_fail_closed (test_account_classification.AccountClassificationTests.test_checksum_missing_reader_and_malformed_hash_fail_closed) ... ok
test_conflicting_stale_or_untrusted_candidate_blocks_valid_label (test_account_classification.AccountClassificationTests.test_conflicting_stale_or_untrusted_candidate_blocks_valid_label) ... ok
test_duplicates_do_not_inflate_and_earliest_expiry_wins (test_account_classification.AccountClassificationTests.test_duplicates_do_not_inflate_and_earliest_expiry_wins) ... ok
test_exact_service_attestation_is_scoped_and_never_private_control (test_account_classification.AccountClassificationTests.test_exact_service_attestation_is_scoped_and_never_private_control) ... ok
test_invalid_queries_and_mutable_policy_raise (test_account_classification.AccountClassificationTests.test_invalid_queries_and_mutable_policy_raise) ... ok
test_malformed_fields_and_flags_cannot_pass (test_account_classification.AccountClassificationTests.test_malformed_fields_and_flags_cannot_pass) ... ok
test_missing_provenance_scope_expiry_or_binding_blocks (test_account_classification.AccountClassificationTests.test_missing_provenance_scope_expiry_or_binding_blocks) ... ok
test_offline_content_addressed_store_replay_and_absent_record (test_account_classification.AccountClassificationTests.test_offline_content_addressed_store_replay_and_absent_record) ... ok
test_rebinding_address_owner_mint_or_purpose_is_blocked (test_account_classification.AccountClassificationTests.test_rebinding_address_owner_mint_or_purpose_is_blocked) ... ok
test_system_account_and_shared_funding_without_attestation_stay_unknown (test_account_classification.AccountClassificationTests.test_system_account_and_shared_funding_without_attestation_stay_unknown) ... ok
test_account_budget_preserved (test_account_collection.AccountCollectionTests.test_account_budget_preserved) ... ok
test_complete_queries_do_not_approve_transfer_history (test_account_collection.AccountCollectionTests.test_complete_queries_do_not_approve_transfer_history) ... ok
test_conflicting_observations_quarantined_not_chosen (test_account_collection.AccountCollectionTests.test_conflicting_observations_quarantined_not_chosen) ... ok
test_cursor_page_limit_blocks_component_coverage (test_account_collection.AccountCollectionTests.test_cursor_page_limit_blocks_component_coverage) ... ok
test_new_endpoint_extends_unresolved_frontier (test_account_collection.AccountCollectionTests.test_new_endpoint_extends_unresolved_frontier) ... ok
test_provider_failure_leaves_explicit_gap (test_account_collection.AccountCollectionTests.test_provider_failure_leaves_explicit_gap) ... ok
test_unpersisted_pages_cannot_pass (test_account_collection.AccountCollectionTests.test_unpersisted_pages_cannot_pass) ... ok
test_unverified_inventory_uses_no_provider_calls (test_account_collection.AccountCollectionTests.test_unverified_inventory_uses_no_provider_calls) ... ok
test_birth_fixture_discovers_initialized_accounts (test_account_history.AccountHistoryTests.test_birth_fixture_discovers_initialized_accounts) ... ok
test_birth_outside_query_rejected (test_account_history.AccountHistoryTests.test_birth_outside_query_rejected) ... ok
test_closed_zero_balance_account_retained (test_account_history.AccountHistoryTests.test_closed_zero_balance_account_retained) ... ok
test_missing_initialization_witness_is_explicit (test_account_history.AccountHistoryTests.test_missing_initialization_witness_is_explicit) ... ok
test_missing_inner_instructions_prevent_complete_inventory (test_account_history.AccountHistoryTests.test_missing_inner_instructions_prevent_complete_inventory) ... ok
test_unknown_token_instruction_prevents_inventory_pass (test_account_history.AccountHistoryTests.test_unknown_token_instruction_prevents_inventory_pass) ... ok
test_unpersisted_or_partial_query_cannot_verify_inventory (test_account_history.AccountHistoryTests.test_unpersisted_or_partial_query_cannot_verify_inventory) ... ok
test_wallet_related_filter_not_mint_account_discovery (test_account_history.AccountHistoryTests.test_wallet_related_filter_not_mint_account_discovery) ... ok
test_activation_epoch_is_clock_floor_without_resetting_original_highwater (test_allowance_upgrade.MonitoringUpgradeTests.test_activation_epoch_is_clock_floor_without_resetting_original_highwater) ... ok
test_at_epoch_boundary_and_legacy_pending_completion_remain_valid (test_allowance_upgrade.MonitoringUpgradeTests.test_at_epoch_boundary_and_legacy_pending_completion_remain_valid) ... ok
test_failure_latch_and_clock_highwater_survive (test_allowance_upgrade.MonitoringUpgradeTests.test_failure_latch_and_clock_highwater_survive) ... ok
test_late_legacy_failure_completion_preserves_epoch_rollback_latch (test_allowance_upgrade.MonitoringUpgradeTests.test_late_legacy_failure_completion_preserves_epoch_rollback_latch) ... ok
test_operator_seam_existing_only_under_locks_and_idempotent (test_allowance_upgrade.MonitoringUpgradeTests.test_operator_seam_existing_only_under_locks_and_idempotent) ... ok
test_partial_damage_and_transaction_rollback_never_escalate (test_allowance_upgrade.MonitoringUpgradeTests.test_partial_damage_and_transaction_rollback_never_escalate) ... ok
test_pending_and_failure_never_reset (test_allowance_upgrade.MonitoringUpgradeTests.test_pending_and_failure_never_reset) ... ok
test_persisted_new_reservation_before_epoch_rejected_even_while_pending (test_allowance_upgrade.MonitoringUpgradeTests.test_persisted_new_reservation_before_epoch_rejected_even_while_pending) ... ok
test_prepare_reservation_race_refuses_stale_cutoff (test_allowance_upgrade.MonitoringUpgradeTests.test_prepare_reservation_race_refuses_stale_cutoff) ... ok
test_real_cli_corrupt_context_with_genuine_worker_busy_is_redacted_and_nonmutating (test_allowance_upgrade.MonitoringUpgradeTests.test_real_cli_corrupt_context_with_genuine_worker_busy_is_redacted_and_nonmutating) ... ok
test_sixty_original_receipts_count_against_new_cap_next_id_unchanged (test_allowance_upgrade.MonitoringUpgradeTests.test_sixty_original_receipts_count_against_new_cap_next_id_unchanged) ... ok
test_unknown_empty_or_missing_setup_binding_never_initializes_or_upgrades (test_allowance_upgrade.MonitoringUpgradeTests.test_unknown_empty_or_missing_setup_binding_never_initializes_or_upgrades) ... ok
test_wrong_research_paths_and_copied_dispatch_cannot_substitute_worker_lock (test_allowance_upgrade.MonitoringUpgradeTests.test_wrong_research_paths_and_copied_dispatch_cannot_substitute_worker_lock) ... ok
test_atomic_concurrent_activation_and_immutable_aliases (test_allowance_upgrade.ResearchUpgradeTests.test_atomic_concurrent_activation_and_immutable_aliases) ... ok
test_partial_schema_and_clock_rollback_refuse (test_allowance_upgrade.ResearchUpgradeTests.test_partial_schema_and_clock_rollback_refuse) ... ok
test_queue_25_preserves_existing_pending_semantics_and_lifetime18 (test_allowance_upgrade.ResearchUpgradeTests.test_queue_25_preserves_existing_pending_semantics_and_lifetime18) ... ok
test_real_cli_existing_only_and_idempotent (test_allowance_upgrade.ResearchUpgradeTests.test_real_cli_existing_only_and_idempotent) ... ok
test_used_day_preserved_and_explicit_upgrade_only (test_allowance_upgrade.ResearchUpgradeTests.test_used_day_preserved_and_explicit_upgrade_only) ... ok
test_amm_from_wrong_caller_or_unknown_stack_rejected (test_amm.AMMBindingTests.test_amm_from_wrong_caller_or_unknown_stack_rejected) ... ok
test_bound_accounts_approve_standard_fee_membership_only (test_amm.AMMBindingTests.test_bound_accounts_approve_standard_fee_membership_only) ... ok
test_cashback_additional_accounts_are_not_accepted_as_standard (test_amm.AMMBindingTests.test_cashback_additional_accounts_are_not_accepted_as_standard) ... ok
test_creator_vault_substitution_rejected (test_amm.AMMBindingTests.test_creator_vault_substitution_rejected) ... ok
test_fee_ata_recipient_substitution_rejected (test_amm.AMMBindingTests.test_fee_ata_recipient_substitution_rejected) ... ok
test_input_and_minimum_enforced (test_amm.AMMBindingTests.test_input_and_minimum_enforced) ... ok
test_mayhem_recipient_profile_not_silently_approved (test_amm.AMMBindingTests.test_mayhem_recipient_profile_not_silently_approved) ... ok
test_modern_standard_sell_binds_buyback_and_pool_v2 (test_amm.AMMBindingTests.test_modern_standard_sell_binds_buyback_and_pool_v2) ... ok
test_multiple_sells_rejected (test_amm.AMMBindingTests.test_multiple_sells_rejected) ... ok
test_sell_disabled_configuration_rejected (test_amm.AMMBindingTests.test_sell_disabled_configuration_rejected) ... ok
test_stale_or_unapproved_pool_rejected (test_amm.AMMBindingTests.test_stale_or_unapproved_pool_rejected) ... ok
test_unknown_trailing_bytes_rejected (test_amm.AMMBindingTests.test_unknown_trailing_bytes_rejected) ... ok
test_unlisted_buyback_wallet_and_wrong_ata_are_rejected (test_amm.AMMBindingTests.test_unlisted_buyback_wallet_and_wrong_ata_are_rejected) ... ok
test_valid_ata_for_unlisted_fee_recipient_still_rejected (test_amm.AMMBindingTests.test_valid_ata_for_unlisted_fee_recipient_still_rejected) ... ok
test_wrong_config_slot_or_incomplete_layout_rejected (test_amm.AMMBindingTests.test_wrong_config_slot_or_incomplete_layout_rejected) ... ok
test_wrong_pool_v2_and_unknown_reward_profiles_are_rejected (test_amm.AMMBindingTests.test_wrong_pool_v2_and_unknown_reward_profiles_are_rejected) ... ok
test_wrong_pool_vault_rejected (test_amm.AMMBindingTests.test_wrong_pool_vault_rejected) ... ok
test_absent_paper_is_explicit_and_not_created (test_backup.BackupTests.test_absent_paper_is_explicit_and_not_created) ... ok
test_broken_paper_symlink_is_not_silently_omitted (test_backup.BackupTests.test_broken_paper_symlink_is_not_silently_omitted) ... ok
test_complete_backup_restore_and_safe_retention (test_backup.BackupTests.test_complete_backup_restore_and_safe_retention) ... ok
test_decision_journal_is_included_and_verified (test_backup.BackupTests.test_decision_journal_is_included_and_verified) ... ok
test_five_database_backups_participate_in_retention (test_backup.BackupTests.test_five_database_backups_participate_in_retention) ... ok
test_low_space_does_not_start (test_backup.BackupTests.test_low_space_does_not_start) ... ok
test_missing_database_fails_closed (test_backup.BackupTests.test_missing_database_fails_closed) ... ok
test_paper_created_during_backup_aborts_publication (test_backup.BackupTests.test_paper_created_during_backup_aborts_publication) ... ok
test_paper_positions_and_watchdog_restore_without_fills (test_backup.BackupTests.test_paper_positions_and_watchdog_restore_without_fills) ... ok
test_partial_failure_publishes_nothing_and_preserves_prior (test_backup.BackupTests.test_partial_failure_publishes_nothing_and_preserves_prior) ... ok
test_actual_acquisition_and_monitoring_share_original_charges (test_boosted_paper.BoostCycleTests.test_actual_acquisition_and_monitoring_share_original_charges) ... ok
test_actual_entry_mark_exit_restart_accounting_and_original_boundaries (test_boosted_paper.BoostCycleTests.test_actual_entry_mark_exit_restart_accounting_and_original_boundaries) ... ok
test_actual_partial_full_restart_exact_quote_inputs (test_boosted_paper.BoostCycleTests.test_actual_partial_full_restart_exact_quote_inputs) ... ok
test_closed_entry_reverse_proof_is_required_and_replayed (test_boosted_paper.BoostCycleTests.test_closed_entry_reverse_proof_is_required_and_replayed) ... ok
test_detached_entry_pool_binding_and_stale_original_are_not_replayed (test_boosted_paper.BoostCycleTests.test_detached_entry_pool_binding_and_stale_original_are_not_replayed) ... ok
test_held_physical_capacity_failure_preserves_ledger_and_charged_originals (test_boosted_paper.BoostCycleTests.test_held_physical_capacity_failure_preserves_ledger_and_charged_originals) ... ok
test_nonterminating_entry_cost_survives_actual_lifecycle_and_restart (test_boosted_paper.BoostCycleTests.test_nonterminating_entry_cost_survives_actual_lifecycle_and_restart) ... ok
test_profile_feature_identity_physical_sizing_and_config_switch (test_boosted_paper.BoostCycleTests.test_profile_feature_identity_physical_sizing_and_config_switch) ... ok
test_tampered_pool_source_and_history_subprofile_refuse_before_write (test_boosted_paper.BoostCycleTests.test_tampered_pool_source_and_history_subprofile_refuse_before_write) ... ok
test_original_signed_event_pricing_denominator_is_new_measured_identity (test_boosted_paper.BoostHistoryTests.test_original_signed_event_pricing_denominator_is_new_measured_identity) ... ok
test_explicit_optin_does_not_rewrite_old_config (test_boosted_paper.BoostPolicyTests.test_explicit_optin_does_not_rewrite_old_config) ... ok
test_negative_boost_bounds_underflow_and_hazards_reject (test_boosted_paper.BoostPolicyTests.test_negative_boost_bounds_underflow_and_hazards_reject) ... ok
test_pricing_and_spendable_are_separate_originals_preserved (test_boosted_paper.BoostPolicyTests.test_pricing_and_spendable_are_separate_originals_preserved) ... ok
test_sell_capacity_before_protocol_creator_and_haircut_one_unit_boundary (test_boosted_paper.BoostPolicyTests.test_sell_capacity_before_protocol_creator_and_haircut_one_unit_boundary) ... ok
test_any_candidate_preparation_intent_refuses_discard (test_captured_intake_decode_no_entry.CapturedGapTests.test_any_candidate_preparation_intent_refuses_discard) ... ok
test_complete_two_pages_publish_preserve_charges_and_ledger_no_retry (test_captured_intake_decode_no_entry.CapturedGapTests.test_complete_two_pages_publish_preserve_charges_and_ledger_no_retry) ... ok
test_dropped_receipt_and_publication_crash_stay_blocked (test_captured_intake_decode_no_entry.CapturedGapTests.test_dropped_receipt_and_publication_crash_stay_blocked) ... ok
test_later_charge_and_missing_capture_fail_closed (test_captured_intake_decode_no_entry.CapturedGapTests.test_later_charge_and_missing_capture_fail_closed) ... ok
test_nonexhausted_gap_stays_unresolved (test_captured_intake_decode_no_entry.CapturedGapTests.test_nonexhausted_gap_stays_unresolved) ... ok
test_repaired_decoder_cannot_restore_candidate_or_change_original_coverage (test_captured_intake_decode_no_entry.CapturedGapTests.test_repaired_decoder_cannot_restore_candidate_or_change_original_coverage) ... ok
test_actual_lineage_review_extension_append_preserves_originals_and_restart (test_captured_intake_decode_no_entry.HistoricalCapturedGapTests.test_actual_lineage_review_extension_append_preserves_originals_and_restart) ... ok
test_copy_failure_inside_boundary_cannot_abort_or_omit_blocking_reason (test_classification_depth_bound.ClassificationDepthBoundTests.test_copy_failure_inside_boundary_cannot_abort_or_omit_blocking_reason) ... ok
test_cycles_non_json_and_excessive_width_or_scalar_are_unresolved (test_classification_depth_bound.ClassificationDepthBoundTests.test_cycles_non_json_and_excessive_width_or_scalar_are_unresolved) ... ok
test_depth_boundary_preserves_existing_positive_and_detached_evidence (test_classification_depth_bound.ClassificationDepthBoundTests.test_depth_boundary_preserves_existing_positive_and_detached_evidence) ... ok
test_failed_candidate_blocks_agreeing_valid_candidate_in_both_orders (test_classification_depth_bound.ClassificationDepthBoundTests.test_failed_candidate_blocks_agreeing_valid_candidate_in_both_orders) ... ok
test_nonobject_root_candidates_cannot_reach_postcopy_label_iteration (test_classification_depth_bound.ClassificationDepthBoundTests.test_nonobject_root_candidates_cannot_reach_postcopy_label_iteration) ... ok
test_pinned_600_level_json_reproduction_blocks_before_encoding_or_copy (test_classification_depth_bound.ClassificationDepthBoundTests.test_pinned_600_level_json_reproduction_blocks_before_encoding_or_copy) ... ok
test_actual_time_expiry_not_just_chain_time (test_classification_exposure_adapter.ClassificationExposureAdapterTests.test_actual_time_expiry_not_just_chain_time) ... ok
test_claimed_program_cannot_be_token_authority (test_classification_exposure_adapter.ClassificationExposureAdapterTests.test_claimed_program_cannot_be_token_authority) ... ok
test_exact_pr12_core_forged_exclusion_bypass_is_blocked (test_classification_exposure_adapter.ClassificationExposureAdapterTests.test_exact_pr12_core_forged_exclusion_bypass_is_blocked) ... ok
test_exclusive_expiry_maps_to_inclusive_through (test_classification_exposure_adapter.ClassificationExposureAdapterTests.test_exclusive_expiry_maps_to_inclusive_through) ... ok
test_query_contract_rejects_invalid_or_wrong_purpose (test_classification_exposure_adapter.ClassificationExposureAdapterTests.test_query_contract_rejects_invalid_or_wrong_purpose) ... ok
test_self_hashed_forged_candidate_never_admitted (test_classification_exposure_adapter.ClassificationExposureAdapterTests.test_self_hashed_forged_candidate_never_admitted) ... ok
test_tampered_hash_and_raw_bindings_fail_closed (test_classification_exposure_adapter.ClassificationExposureAdapterTests.test_tampered_hash_and_raw_bindings_fail_closed) ... ok
test_unverified_normalized_input_flags_are_ignored (test_classification_exposure_adapter.ClassificationExposureAdapterTests.test_unverified_normalized_input_flags_are_ignored) ... ok
test_whole_interval_must_be_covered (test_classification_exposure_adapter.ClassificationExposureAdapterTests.test_whole_interval_must_be_covered) ... ok
test_wrong_purpose_chain_or_authority_cannot_exclude (test_classification_exposure_adapter.ClassificationExposureAdapterTests.test_wrong_purpose_chain_or_authority_cannot_exclude) ... ok
test_expiry_boundaries_remain_unresolved_through_current_holder_replay (test_classification_holder_contract.ClassificationHolderContractTests.test_expiry_boundaries_remain_unresolved_through_current_holder_replay) ... ok
test_nested_candidate_fails_closed_in_consumer (test_classification_holder_contract.ClassificationHolderContractTests.test_nested_candidate_fails_closed_in_consumer) ... ok
test_point_attestation_does_not_authorize_interval_or_other_holder (test_classification_holder_contract.ClassificationHolderContractTests.test_point_attestation_does_not_authorize_interval_or_other_holder) ... ok
test_pool_service_conflicts_survive_both_consumer_orders (test_classification_holder_contract.ClassificationHolderContractTests.test_pool_service_conflicts_survive_both_consumer_orders) ... ok
test_provenance_address_program_and_scope_gaps_cannot_exclude_balances (test_classification_holder_contract.ClassificationHolderContractTests.test_provenance_address_program_and_scope_gaps_cannot_exclude_balances) ... ok
test_shared_funding_system_and_private_assertions_never_propagate (test_classification_holder_contract.ClassificationHolderContractTests.test_shared_funding_system_and_private_assertions_never_propagate) ... ok
test_duplicate_bytes_charge_once_and_conflicting_suffix_is_preserved (test_classification_resource_bounds.ClassificationResourceBoundsTests.test_duplicate_bytes_charge_once_and_conflicting_suffix_is_preserved) ... ok
test_duplicates_and_malformed_oversized_lists_reject_before_load (test_classification_resource_bounds.ClassificationResourceBoundsTests.test_duplicates_and_malformed_oversized_lists_reject_before_load) ... ok
test_exact_aggregate_boundary_and_one_byte_over (test_classification_resource_bounds.ClassificationResourceBoundsTests.test_exact_aggregate_boundary_and_one_byte_over) ... ok
test_malformed_hash_subclass_cannot_override_bounded_validation (test_classification_resource_bounds.ClassificationResourceBoundsTests.test_malformed_hash_subclass_cannot_override_bounded_validation) ... ok
test_nonplain_candidate_collection_is_not_traversed (test_classification_resource_bounds.ClassificationResourceBoundsTests.test_nonplain_candidate_collection_is_not_traversed) ... ok
test_policy_overflow_and_invalid_policy_are_distinct (test_classification_resource_bounds.ClassificationResourceBoundsTests.test_policy_overflow_and_invalid_policy_are_distinct) ... ok
test_real_aggregate_overflow_discards_prefix_without_copying_overflow (test_classification_resource_bounds.ClassificationResourceBoundsTests.test_real_aggregate_overflow_discards_prefix_without_copying_overflow) ... ok
test_unique_reference_boundary_and_oversized_policy (test_classification_resource_bounds.ClassificationResourceBoundsTests.test_unique_reference_boundary_and_oversized_policy) ... ok
test_deployed_decision_and_monitor_entrypoints_execute (test_cli.CredentialTests.test_deployed_decision_and_monitor_entrypoints_execute) ... ok
test_systemd_credential_mode_and_redaction (test_cli.CredentialTests.test_systemd_credential_mode_and_redaction) ... ok
test_world_readable_key_is_rejected (test_cli.CredentialTests.test_world_readable_key_is_rejected) ... ok
test_fifty_completed_repeated_consumption_is_idempotent_but_replays (test_cloud_continuation_operations.CloudContinuationOperationsTests.test_fifty_completed_repeated_consumption_is_idempotent_but_replays) ... ok
test_http_dashboard_keeps_historical_component_and_reject_after_aging (test_cloud_continuation_operations.CloudContinuationOperationsTests.test_http_dashboard_keeps_historical_component_and_reject_after_aging) ... ok
test_original_age_not_bank_clock_or_later_evaluation_controls_freshness (test_cloud_continuation_operations.CloudContinuationOperationsTests.test_original_age_not_bank_clock_or_later_evaluation_controls_freshness) ... ok
test_raw_page_loss_is_rechecked_but_old_same_revision_remains_historical (test_cloud_continuation_operations.CloudContinuationOperationsTests.test_raw_page_loss_is_rechecked_but_old_same_revision_remains_historical) ... ok
test_raw_three_account_eight_page_provenance_and_no_budget_mutation (test_cloud_continuation_operations.CloudContinuationOperationsTests.test_raw_three_account_eight_page_provenance_and_no_budget_mutation) ... ok
test_recent_window_is_fifty_and_limit_one_does_not_cap_replay_work (test_cloud_continuation_operations.CloudContinuationOperationsTests.test_recent_window_is_fifty_and_limit_one_does_not_cap_replay_work) ... ok
test_unseen_older_scan_plus_recent_overlap_exceeds_fifty_assessments (test_cloud_continuation_operations.CloudContinuationOperationsTests.test_unseen_older_scan_plus_recent_overlap_exceeds_fifty_assessments) ... ok
test_actual_configured_head_replays_without_writes_or_new_requests (test_cloud_dashboard_diagnostics.DiagnosticEndpointTests.test_actual_configured_head_replays_without_writes_or_new_requests) ... ok
test_foreign_host_and_origin_cannot_inspect_or_trigger_replay (test_cloud_dashboard_diagnostics.DiagnosticEndpointTests.test_foreign_host_and_origin_cannot_inspect_or_trigger_replay) ... ok
test_missing_databases_and_unsupported_platform_are_explicit_without_creation (test_cloud_dashboard_diagnostics.DiagnosticEndpointTests.test_missing_databases_and_unsupported_platform_are_explicit_without_creation) ... ok
test_missing_malformed_and_duplicate_heads_never_synthesize_revision (test_cloud_dashboard_diagnostics.DiagnosticEndpointTests.test_missing_malformed_and_duplicate_heads_never_synthesize_revision) ... ok
test_nonblocking_single_flight_returns_busy_and_releases_after_error (test_cloud_dashboard_diagnostics.DiagnosticEndpointTests.test_nonblocking_single_flight_returns_busy_and_releases_after_error) ... ok
test_output_ceiling_withholds_entire_projection_not_partial_hashes (test_cloud_dashboard_diagnostics.DiagnosticEndpointTests.test_output_ceiling_withholds_entire_projection_not_partial_hashes) ... ok
test_query_cannot_supply_paths_flags_payloads_revisions_or_duplicate_ids (test_cloud_dashboard_diagnostics.DiagnosticEndpointTests.test_query_cannot_supply_paths_flags_payloads_revisions_or_duplicate_ids) ... ok
test_writer_contention_and_wal_layout_are_unavailable_without_repair (test_cloud_dashboard_diagnostics.DiagnosticEndpointTests.test_writer_contention_and_wal_layout_are_unavailable_without_repair) ... ok
test_busy_missing_head_fetch_error_and_forged_promotion_fail_closed (test_cloud_dashboard_diagnostics.DiagnosticRendererTests.test_busy_missing_head_fetch_error_and_forged_promotion_fail_closed) ... ok
test_inspection_is_user_triggered_no_periodic_replay_or_control_change (test_cloud_dashboard_diagnostics.DiagnosticRendererTests.test_inspection_is_user_triggered_no_periodic_replay_or_control_change) ... ok
test_real_projection_separates_components_obligations_age_and_exact_hashes (test_cloud_dashboard_diagnostics.DiagnosticRendererTests.test_real_projection_separates_components_obligations_age_and_exact_hashes) ... ok
test_untrusted_diagnostic_scope_accounts_and_reasons_remain_text (test_cloud_dashboard_diagnostics.DiagnosticRendererTests.test_untrusted_diagnostic_scope_accounts_and_reasons_remain_text) ... ok
test_corrupt_projections_are_unavailable_and_redacted (test_cloud_dashboard_evidence.CloudDashboardEvidenceTests.test_corrupt_projections_are_unavailable_and_redacted) ... ok
test_decision_and_scan_projection_limits_are_not_coverage_claims (test_cloud_dashboard_evidence.CloudDashboardEvidenceTests.test_decision_and_scan_projection_limits_are_not_coverage_claims) ... ok
test_foreign_host_and_origin_are_rejected_on_every_read_endpoint (test_cloud_dashboard_evidence.CloudDashboardEvidenceTests.test_foreign_host_and_origin_are_rejected_on_every_read_endpoint) ... ok
test_gets_preserve_original_records_and_never_create_evidence (test_cloud_dashboard_evidence.CloudDashboardEvidenceTests.test_gets_preserve_original_records_and_never_create_evidence) ... ok
test_hash_bound_fixture_component_keeps_gross_supply_scope (test_cloud_dashboard_evidence.CloudDashboardEvidenceTests.test_hash_bound_fixture_component_keeps_gross_supply_scope) ... ok
test_launch_projection_keeps_observation_identity_and_skips_bad_json (test_cloud_dashboard_evidence.CloudDashboardEvidenceTests.test_launch_projection_keeps_observation_identity_and_skips_bad_json) ... ok
test_missing_databases_are_not_zero_balances_or_created (test_cloud_dashboard_evidence.CloudDashboardEvidenceTests.test_missing_databases_are_not_zero_balances_or_created) ... ok
test_new_evaluation_does_not_refresh_original_observation (test_cloud_dashboard_evidence.CloudDashboardEvidenceTests.test_new_evaluation_does_not_refresh_original_observation) ... ok
test_obsolete_policy_rows_cannot_replace_current_policy_view (test_cloud_dashboard_evidence.CloudDashboardEvidenceTests.test_obsolete_policy_rows_cannot_replace_current_policy_view) ... ok
test_old_and_future_observations_remain_unfresh_at_evaluation (test_cloud_dashboard_evidence.CloudDashboardEvidenceTests.test_old_and_future_observations_remain_unfresh_at_evaluation) ... ok
test_outcomes_expose_net_accounting_and_decimal_strings (test_cloud_dashboard_evidence.CloudDashboardEvidenceTests.test_outcomes_expose_net_accounting_and_decimal_strings) ... ok
test_pause_is_durable_and_does_not_claim_connected_runner (test_cloud_dashboard_evidence.CloudDashboardEvidenceTests.test_pause_is_durable_and_does_not_claim_connected_runner) ... ok
test_scan_claims_do_not_become_decision_approval (test_cloud_dashboard_evidence.CloudDashboardEvidenceTests.test_scan_claims_do_not_become_decision_approval) ... ok
test_stale_future_and_exact_ttl_marks_are_presented_without_fabrication (test_cloud_dashboard_evidence.CloudDashboardEvidenceTests.test_stale_future_and_exact_ttl_marks_are_presented_without_fabrication) ... ok
test_status_preserves_research_mode_and_request_ceiling (test_cloud_dashboard_evidence.CloudDashboardEvidenceTests.test_status_preserves_research_mode_and_request_ceiling) ... ok
test_unverified_exit_survives_resume_and_reopen_without_sell_fill (test_cloud_dashboard_evidence.CloudDashboardEvidenceTests.test_unverified_exit_survives_resume_and_reopen_without_sell_fill) ... ok
test_age_advances_for_unchanged_journal_without_rewriting_evaluation (test_cloud_decision_renderer.CloudDecisionRendererTests.test_age_advances_for_unchanged_journal_without_rewriting_evaluation) ... ok
test_aged_observation_and_recent_evaluation_remain_distinct (test_cloud_decision_renderer.CloudDecisionRendererTests.test_aged_observation_and_recent_evaluation_remain_distinct) ... ok
test_future_observation_and_bad_browser_clock_withhold_age (test_cloud_decision_renderer.CloudDecisionRendererTests.test_future_observation_and_bad_browser_clock_withhold_age) ... ok
test_missing_or_invalid_observation_never_coerces_to_zero_age (test_cloud_decision_renderer.CloudDecisionRendererTests.test_missing_or_invalid_observation_never_coerces_to_zero_age) ... ok
test_missing_scope_and_invalid_evaluation_are_explicit (test_cloud_decision_renderer.CloudDecisionRendererTests.test_missing_scope_and_invalid_evaluation_are_explicit) ... ok
test_old_reasons_do_not_classify_current_freshness (test_cloud_decision_renderer.CloudDecisionRendererTests.test_old_reasons_do_not_classify_current_freshness) ... ok
test_unavailable_projection_or_failed_fetch_never_leaves_verified_view (test_cloud_decision_renderer.CloudDecisionRendererTests.test_unavailable_projection_or_failed_fetch_never_leaves_verified_view) ... ok
test_untrusted_mint_scope_and_reasons_are_literal_dom_text (test_cloud_decision_renderer.CloudDecisionRendererTests.test_untrusted_mint_scope_and_reasons_are_literal_dom_text) ... ok
test_consumer_preserves_original_after_source_timestamp_rewrite (test_cloud_entry_gates.CloudEntryGateTests.test_consumer_preserves_original_after_source_timestamp_rewrite) ... ok
test_continuation_does_not_refresh_original_time_or_replace_gates (test_cloud_entry_gates.CloudEntryGateTests.test_continuation_does_not_refresh_original_time_or_replace_gates) ... ok
test_cross_mint_history_and_nineteen_query_budget_fail_closed (test_cloud_entry_gates.CloudEntryGateTests.test_cross_mint_history_and_nineteen_query_budget_fail_closed) ... ok
test_cross_mint_holder_bytes_are_rejected_even_with_new_hash (test_cloud_entry_gates.CloudEntryGateTests.test_cross_mint_holder_bytes_are_rejected_even_with_new_hash) ... ok
test_cross_mint_requests_and_scan_binding_are_rejected (test_cloud_entry_gates.CloudEntryGateTests.test_cross_mint_requests_and_scan_binding_are_rejected) ... ok
test_forged_summary_approvals_do_not_authorize_entry (test_cloud_entry_gates.CloudEntryGateTests.test_forged_summary_approvals_do_not_authorize_entry) ... ok
test_freshness_boundary_missing_future_bool_and_string (test_cloud_entry_gates.CloudEntryGateTests.test_freshness_boundary_missing_future_bool_and_string) ... ok
test_history_missing_page_and_reordered_cursor_chain_fail_closed (test_cloud_entry_gates.CloudEntryGateTests.test_history_missing_page_and_reordered_cursor_chain_fail_closed) ... ok
test_history_summary_forgery_range_rebinding_and_missing_manifest (test_cloud_entry_gates.CloudEntryGateTests.test_history_summary_forgery_range_rebinding_and_missing_manifest) ... ok
test_holder_slot_drift_and_duplicate_accounts_are_rejected (test_cloud_entry_gates.CloudEntryGateTests.test_holder_slot_drift_and_duplicate_accounts_are_rejected) ... ok
test_inconsistent_separate_mint_and_snapshot_controls_block_entry (test_cloud_entry_gates.CloudEntryGateTests.test_inconsistent_separate_mint_and_snapshot_controls_block_entry) ... ok
test_missing_and_invalid_evidence_references_fail_closed (test_cloud_entry_gates.CloudEntryGateTests.test_missing_and_invalid_evidence_references_fail_closed) ... ok
test_new_checksum_does_not_authenticate_synthetic_provider_bytes (test_cloud_entry_gates.CloudEntryGateTests.test_new_checksum_does_not_authenticate_synthetic_provider_bytes) ... ok
test_old_synthetic_snapshot_is_verified_component_without_age_binding (test_cloud_entry_gates.CloudEntryGateTests.test_old_synthetic_snapshot_is_verified_component_without_age_binding) ... ok
test_rehashing_timestamp_refreshes_freshness_label_but_never_entry (test_cloud_entry_gates.CloudEntryGateTests.test_rehashing_timestamp_refreshes_freshness_label_but_never_entry) ... ok
test_tampered_content_under_original_hash_is_rejected (test_cloud_entry_gates.CloudEntryGateTests.test_tampered_content_under_original_hash_is_rejected) ... ok
test_closed_account_reappearance_is_not_current_ownership (test_cloud_history_adversarial.CloudHistoryAdversarialTests.test_closed_account_reappearance_is_not_current_ownership) ... ok
test_contradictory_ending_balance_cannot_hide_under_matching_supply (test_cloud_history_adversarial.CloudHistoryAdversarialTests.test_contradictory_ending_balance_cannot_hide_under_matching_supply) ... ok
test_cross_page_duplicate_and_conflict_are_distinct_gaps (test_cloud_history_adversarial.CloudHistoryAdversarialTests.test_cross_page_duplicate_and_conflict_are_distinct_gaps) ... ok
test_cutoff_cannot_be_rebound_with_recomputed_summary_hash (test_cloud_history_adversarial.CloudHistoryAdversarialTests.test_cutoff_cannot_be_rebound_with_recomputed_summary_hash) ... ok
test_exclusive_cutoff_rejects_record_exactly_at_lt (test_cloud_history_adversarial.CloudHistoryAdversarialTests.test_exclusive_cutoff_rejects_record_exactly_at_lt) ... ok
test_exhausted_shared_budget_prevents_new_account_request_after_restart (test_cloud_history_adversarial.CloudHistoryAdversarialTests.test_exhausted_shared_budget_prevents_new_account_request_after_restart) ... ok
test_individually_balanced_records_cannot_bridge_missing_activity (test_cloud_history_adversarial.CloudHistoryAdversarialTests.test_individually_balanced_records_cannot_bridge_missing_activity) ... ok
test_missing_and_duplicate_endings_fail_closed (test_cloud_history_adversarial.CloudHistoryAdversarialTests.test_missing_and_duplicate_endings_fail_closed) ... ok
test_missing_open_account_fails_even_with_complete_summary (test_cloud_history_adversarial.CloudHistoryAdversarialTests.test_missing_open_account_fails_even_with_complete_summary) ... ok
test_missing_raw_page_cannot_be_replaced_by_coverage_flags (test_cloud_history_adversarial.CloudHistoryAdversarialTests.test_missing_raw_page_cannot_be_replaced_by_coverage_flags) ... ok
test_provider_reordered_records_preserve_order_gap (test_cloud_history_adversarial.CloudHistoryAdversarialTests.test_provider_reordered_records_preserve_order_gap) ... ok
test_reordered_page_chain_rejected_after_rehash (test_cloud_history_adversarial.CloudHistoryAdversarialTests.test_reordered_page_chain_rejected_after_rehash) ... ok
test_replay_page_budget_cannot_be_bypassed_by_many_queries (test_cloud_history_adversarial.CloudHistoryAdversarialTests.test_replay_page_budget_cannot_be_bypassed_by_many_queries) ... ok
test_restart_after_process_interruption_keeps_reservation (test_cloud_history_adversarial.CloudHistoryAdversarialTests.test_restart_after_process_interruption_keeps_reservation) ... ok
test_same_slot_cutoff_includes_all_records_at_snapshot_slot (test_cloud_history_adversarial.CloudHistoryAdversarialTests.test_same_slot_cutoff_includes_all_records_at_snapshot_slot) ... ok
test_same_slot_lifetime_cannot_use_page_or_signature_order (test_cloud_history_adversarial.CloudHistoryAdversarialTests.test_same_slot_lifetime_cannot_use_page_or_signature_order) ... ok
test_timestamp_match_cannot_substitute_for_exact_slot_cutoff (test_cloud_history_adversarial.CloudHistoryAdversarialTests.test_timestamp_match_cannot_substitute_for_exact_slot_cutoff) ... ok
test_all_set_authority_roles_are_unsupported_even_revocation (test_cloud_history_controls.CloudHistoryControlsTests.test_all_set_authority_roles_are_unsupported_even_revocation) ... ok
test_authority_change_in_separate_transaction_then_restoration_stays_blocked (test_cloud_history_controls.CloudHistoryControlsTests.test_authority_change_in_separate_transaction_then_restoration_stays_blocked) ... ok
test_control_inventory_cannot_be_approved_by_removing_limitation_flags (test_cloud_history_controls.CloudHistoryControlsTests.test_control_inventory_cannot_be_approved_by_removing_limitation_flags) ... ok
test_each_control_operation_outer_and_cpi_never_silently_disappears (test_cloud_history_controls.CloudHistoryControlsTests.test_each_control_operation_outer_and_cpi_never_silently_disappears) ... ok
test_failed_control_transaction_has_no_committed_operations (test_cloud_history_controls.CloudHistoryControlsTests.test_failed_control_transaction_has_no_committed_operations) ... ok
test_malformed_parsed_shapes_cannot_pass_accounting (test_cloud_history_controls.CloudHistoryControlsTests.test_malformed_parsed_shapes_cannot_pass_accounting) ... ok
test_malformed_supported_operation_quarantines_query (test_cloud_history_controls.CloudHistoryControlsTests.test_malformed_supported_operation_quarantines_query) ... ok
test_transient_control_then_restoration_same_transaction_blocks_snapshot (test_cloud_history_controls.CloudHistoryControlsTests.test_transient_control_then_restoration_same_transaction_blocks_snapshot) ... ok
test_unknown_and_nonmovement_operations_block_outer_and_cpi (test_cloud_history_controls.CloudHistoryControlsTests.test_unknown_and_nonmovement_operations_block_outer_and_cpi) ... ok
test_valid_legacy_multiaccount_initialization_movements_and_closure_survive (test_cloud_history_controls.CloudHistoryControlsTests.test_valid_legacy_multiaccount_initialization_movements_and_closure_survive) ... ok
test_configuration_and_implementation_drift_fail_closed_on_duplicate (test_cloud_ledger_restart.CloudLedgerRestartTests.test_configuration_and_implementation_drift_fail_closed_on_duplicate) ... ok
test_cost_budget_rejection_is_durable_and_does_not_charge_a_fill (test_cloud_ledger_restart.CloudLedgerRestartTests.test_cost_budget_rejection_is_durable_and_does_not_charge_a_fill) ... ok
test_full_position_proof_cannot_authorize_partial_rung (test_cloud_ledger_restart.CloudLedgerRestartTests.test_full_position_proof_cannot_authorize_partial_rung) ... ok
test_nonadjacent_replay_and_collision_preserve_original_records (test_cloud_ledger_restart.CloudLedgerRestartTests.test_nonadjacent_replay_and_collision_preserve_original_records) ... ok
test_process_crash_boundaries_recover_entry_partial_and_final_exit (test_cloud_ledger_restart.CloudLedgerRestartTests.test_process_crash_boundaries_recover_entry_partial_and_final_exit) ... ok
test_restart_each_ladder_rung_conserves_inventory_basis_and_net_cash (test_cloud_ledger_restart.CloudLedgerRestartTests.test_restart_each_ladder_rung_conserves_inventory_basis_and_net_cash) ... ok
test_simulated_net_exit_caps_model_proceeds_across_restart (test_cloud_ledger_restart.CloudLedgerRestartTests.test_simulated_net_exit_caps_model_proceeds_across_restart) ... ok
test_stale_partial_position_survives_midnight_and_resume_without_fills (test_cloud_ledger_restart.CloudLedgerRestartTests.test_stale_partial_position_survives_midnight_and_resume_without_fills) ... ok
test_unsellable_partial_exit_and_recovery_remain_latched_after_restart (test_cloud_ledger_restart.CloudLedgerRestartTests.test_unsellable_partial_exit_and_recovery_remain_latched_after_restart) ... ok
test_absent_empty_and_corrupt_ledgers_do_not_become_zero_or_running (test_cloud_paper_renderer.CloudPaperRendererTests.test_absent_empty_and_corrupt_ledgers_do_not_become_zero_or_running) ... ok
test_full_simulated_sell_shows_no_open_position_without_inventing_close_records (test_cloud_paper_renderer.CloudPaperRendererTests.test_full_simulated_sell_shows_no_open_position_without_inventing_close_records) ... ok
test_open_fixture_position_remains_model_only_with_exact_amounts (test_cloud_paper_renderer.CloudPaperRendererTests.test_open_fixture_position_remains_model_only_with_exact_amounts) ... ok
test_paper_outcome_reason_is_literal_text_not_executable_markup (test_cloud_paper_renderer.CloudPaperRendererTests.test_paper_outcome_reason_is_literal_text_not_executable_markup) ... ok
test_partial_simulated_sell_does_not_label_remaining_position_closed (test_cloud_paper_renderer.CloudPaperRendererTests.test_partial_simulated_sell_does_not_label_remaining_position_closed) ... ok
test_research_completion_and_candidate_rejection_are_not_positions (test_cloud_paper_renderer.CloudPaperRendererTests.test_research_completion_and_candidate_rejection_are_not_positions) ... ok
test_stale_projection_withholds_pnl_even_if_response_claims_a_value (test_cloud_paper_renderer.CloudPaperRendererTests.test_stale_projection_withholds_pnl_even_if_response_claims_a_value) ... ok
test_unverified_exit_remains_open_and_is_never_presented_as_sell_fill (test_cloud_paper_renderer.CloudPaperRendererTests.test_unverified_exit_remains_open_and_is_never_presented_as_sell_fill) ... ok
test_adapter_identity_freshness_count_and_payload_bounds_before_fills (test_cloud_paper_runner.PaperRunnerTests.test_adapter_identity_freshness_count_and_payload_bounds_before_fills) ... ok
test_cli_module_runs_new_experiment_and_complete_lifecycle (test_cloud_paper_runner.PaperRunnerTests.test_cli_module_runs_new_experiment_and_complete_lifecycle) ... ok
test_clock_regression_does_not_call_adapter_or_write (test_cloud_paper_runner.PaperRunnerTests.test_clock_regression_does_not_call_adapter_or_write) ... ok
test_controls_and_adapters_cannot_exceed_total_run_bound (test_cloud_paper_runner.PaperRunnerTests.test_controls_and_adapters_cannot_exceed_total_run_bound) ... ok
test_decision_and_risk_provenance_are_preserved_without_asserting_completeness (test_cloud_paper_runner.PaperRunnerTests.test_decision_and_risk_provenance_are_preserved_without_asserting_completeness) ... ok
test_entry_refresh_full_exit_exact_accounting_restart_idempotence (test_cloud_paper_runner.PaperRunnerTests.test_entry_refresh_full_exit_exact_accounting_restart_idempotence) ... ok
test_existing_legacy_changed_config_and_missing_checkpoint_never_migrate (test_cloud_paper_runner.PaperRunnerTests.test_existing_legacy_changed_config_and_missing_checkpoint_never_migrate) ... ok
test_existing_position_observed_before_candidate_regardless_of_fixture_order (test_cloud_paper_runner.PaperRunnerTests.test_existing_position_observed_before_candidate_regardless_of_fixture_order) ... ok
test_missing_observation_blocks_candidates_even_before_mark_ttl (test_cloud_paper_runner.PaperRunnerTests.test_missing_observation_blocks_candidates_even_before_mark_ttl) ... ok
test_outage_clock_expires_without_inventory_cash_pnl_or_daily_reset (test_cloud_paper_runner.PaperRunnerTests.test_outage_clock_expires_without_inventory_cash_pnl_or_daily_reset) ... ok
test_pause_exit_only_and_resume_preserve_existing_controls (test_cloud_paper_runner.PaperRunnerTests.test_pause_exit_only_and_resume_preserve_existing_controls) ... ok
test_process_death_after_commit_restart_does_not_double_fill (test_cloud_paper_runner.PaperRunnerTests.test_process_death_after_commit_restart_does_not_double_fill) ... ok
test_resume_cannot_bypass_unresolved_exit_and_recovery_does_not_resume (test_cloud_paper_runner.PaperRunnerTests.test_resume_cannot_bypass_unresolved_exit_and_recovery_does_not_resume) ... ok
test_stale_or_unverified_exit_does_not_fill_from_a_danger_assertion (test_cloud_paper_runner.PaperRunnerTests.test_stale_or_unverified_exit_does_not_fill_from_a_danger_assertion) ... ok
test_transition_crash_rolls_back_then_restart_redelivers (test_cloud_paper_runner.PaperRunnerTests.test_transition_crash_rolls_back_then_restart_redelivers) ... ok
test_correspondence_rejects_identity_key_inventory_and_byte_mutations (test_cloud_raw_fixture_provenance.RawFixtureProvenanceTests.test_correspondence_rejects_identity_key_inventory_and_byte_mutations) ... ok
test_exact_canonical_digest_and_identity_inventory (test_cloud_raw_fixture_provenance.RawFixtureProvenanceTests.test_exact_canonical_digest_and_identity_inventory) ... ok
test_loaded_key_segments_and_declared_header_flags (test_cloud_raw_fixture_provenance.RawFixtureProvenanceTests.test_loaded_key_segments_and_declared_header_flags) ... ok
test_representation_differences_are_explicit (test_cloud_raw_fixture_provenance.RawFixtureProvenanceTests.test_representation_differences_are_explicit) ... ok
test_request_provenance_is_only_a_saved_declaration (test_cloud_raw_fixture_provenance.RawFixtureProvenanceTests.test_request_provenance_is_only_a_saved_declaration) ... ok
test_failure_after_transition_before_checkpoint_rolls_back_every_write (test_cloud_readiness_invariants.CloudReadinessInvariants.test_failure_after_transition_before_checkpoint_rolls_back_every_write) ... ok
test_interrupted_attempt_survives_restore_and_exhausts_shared_budget (test_cloud_readiness_invariants.CloudReadinessInvariants.test_interrupted_attempt_survives_restore_and_exhausts_shared_budget) ... ok
test_outage_restore_and_resume_cannot_hide_unverified_inventory (test_cloud_readiness_invariants.CloudReadinessInvariants.test_outage_restore_and_resume_cannot_hide_unverified_inventory) ... ok
test_partial_exit_restart_final_exit_conserves_costs_and_net_pnl (test_cloud_readiness_invariants.CloudReadinessInvariants.test_partial_exit_restart_final_exit_conserves_costs_and_net_pnl) ... ok
test_raw_conflict_and_real_data_assertions_cannot_create_entry (test_cloud_readiness_invariants.CloudReadinessInvariants.test_raw_conflict_and_real_data_assertions_cannot_create_entry) ... ok
test_rehashed_history_assertions_cannot_rebind_saved_request (test_cloud_readiness_invariants.CloudReadinessInvariants.test_rehashed_history_assertions_cannot_rebind_saved_request) ... ok
test_reject_journal_restore_preserves_original_source_and_no_ledger (test_cloud_readiness_invariants.CloudReadinessInvariants.test_reject_journal_restore_preserves_original_source_and_no_ledger) ... ok
test_formatted_hashes_and_asserted_flags_are_not_reconstructed_by_gate (test_cloud_sellability.CloudExitEvidenceAudit.test_formatted_hashes_and_asserted_flags_are_not_reconstructed_by_gate) ... ok
test_real_position_rejects_synthetic_model_even_for_matching_wallet (test_cloud_sellability.CloudExitEvidenceAudit.test_real_position_rejects_synthetic_model_even_for_matching_wallet) ... ok
test_roundtrip_diagnostic_cannot_be_used_as_exact_exit_proof (test_cloud_sellability.CloudExitEvidenceAudit.test_roundtrip_diagnostic_cannot_be_used_as_exact_exit_proof) ... ok
test_smaller_larger_and_partial_exit_sizes_require_distinct_evidence (test_cloud_sellability.CloudExitEvidenceAudit.test_smaller_larger_and_partial_exit_sizes_require_distinct_evidence) ... ok
test_stale_future_wrong_wallet_and_mint_proofs_fail_closed (test_cloud_sellability.CloudExitEvidenceAudit.test_stale_future_wrong_wallet_and_mint_proofs_fail_closed) ... ok
test_buy_minimum_exit_leaves_exact_unsold_surplus (test_cloud_sellability.CloudRoundtripAudit.test_buy_minimum_exit_leaves_exact_unsold_surplus) ... ok
test_each_leg_rejects_output_below_required_minimum (test_cloud_sellability.CloudRoundtripAudit.test_each_leg_rejects_output_below_required_minimum) ... ok
test_malicious_outer_approval_is_not_checked_by_roundtrip (test_cloud_sellability.CloudRoundtripAudit.test_malicious_outer_approval_is_not_checked_by_roundtrip) ... ok
test_missing_inner_inventory_does_not_change_roundtrip_effects (test_cloud_sellability.CloudRoundtripAudit.test_missing_inner_inventory_does_not_change_roundtrip_effects) ... ok
test_one_unit_input_mismatch_rejected_in_both_directions (test_cloud_sellability.CloudRoundtripAudit.test_one_unit_input_mismatch_rejected_in_both_directions) ... ok
test_post_sell_delegate_rejected_even_without_changed_net_amount (test_cloud_sellability.CloudRoundtripAudit.test_post_sell_delegate_rejected_even_without_changed_net_amount) ... ok
test_quote_exit_size_must_equal_conservative_buy_minimum (test_cloud_sellability.CloudRoundtripAudit.test_quote_exit_size_must_equal_conservative_buy_minimum) ... ok
test_unsupported_mint_never_reaches_quote_or_compilation (test_cloud_sellability.CloudRoundtripAudit.test_unsupported_mint_never_reaches_quote_or_compilation) ... ok
test_amm_external_recipient_and_output_fee_alias_are_rejected (test_cloud_sellability.CloudUnsignedPolicyAudit.test_amm_external_recipient_and_output_fee_alias_are_rejected) ... ok
test_compiler_serializes_extra_native_transfer_but_envelope_rejects_it (test_cloud_sellability.CloudUnsignedPolicyAudit.test_compiler_serializes_extra_native_transfer_but_envelope_rejects_it) ... ok
test_injected_cleanup_refund_recipient_rejected (test_cloud_sellability.CloudUnsignedPolicyAudit.test_injected_cleanup_refund_recipient_rejected) ... ok
test_nonzero_signature_bytes_rejected_before_transport (test_cloud_sellability.CloudUnsignedPolicyAudit.test_nonzero_signature_bytes_rejected_before_transport) ... ok
test_public_multihop_route_cannot_be_promoted_by_passing_balance_checks (test_cloud_sellability.CloudUnsignedPolicyAudit.test_public_multihop_route_cannot_be_promoted_by_passing_balance_checks) ... ok
test_router_unknown_suffix_is_not_ignored (test_cloud_sellability.CloudUnsignedPolicyAudit.test_router_unknown_suffix_is_not_ignored) ... ok
test_unknown_mint_layout_and_token2022_fail_closed (test_cloud_sellability.CloudUnsignedPolicyAudit.test_unknown_mint_layout_and_token2022_fail_closed) ... ok
test_zero_net_approval_and_revoke_cpis_are_still_forbidden (test_cloud_sellability.CloudUnsignedPolicyAudit.test_zero_net_approval_and_revoke_cpis_are_still_forbidden) ... ok
test_close_authority_none_or_wallet_allowed_external_or_invalid_blocked (test_cloud_token_controls.CloudTokenControlsTests.test_close_authority_none_or_wallet_allowed_external_or_invalid_blocked) ... ok
test_delegate_amount_without_option_blocks_holding_policy (test_cloud_token_controls.CloudTokenControlsTests.test_delegate_amount_without_option_blocks_holding_policy) ... ok
test_delegate_presence_blocks_even_zero_allowance_and_self_delegate (test_cloud_token_controls.CloudTokenControlsTests.test_delegate_presence_blocks_even_zero_allowance_and_self_delegate) ... ok
test_each_mint_authority_independently_blocks_policy_and_snapshot (test_cloud_token_controls.CloudTokenControlsTests.test_each_mint_authority_independently_blocks_policy_and_snapshot) ... ok
test_extension_payload_semantics_are_not_validated_or_approved (test_cloud_token_controls.CloudTokenControlsTests.test_extension_payload_semantics_are_not_validated_or_approved) ... ok
test_frozen_uninitialized_and_unknown_holding_states_blocked (test_cloud_token_controls.CloudTokenControlsTests.test_frozen_uninitialized_and_unknown_holding_states_blocked) ... ok
test_invalid_delegate_option_blocks_holding_and_snapshot (test_cloud_token_controls.CloudTokenControlsTests.test_invalid_delegate_option_blocks_holding_and_snapshot) ... ok
test_invalid_mint_option_tags_never_count_as_revoked (test_cloud_token_controls.CloudTokenControlsTests.test_invalid_mint_option_tags_never_count_as_revoked) ... ok
test_malformed_encoding_raises_without_an_allow_result (test_cloud_token_controls.CloudTokenControlsTests.test_malformed_encoding_raises_without_an_allow_result) ... ok
test_matching_index_cannot_hide_orphaned_delegated_amount (test_cloud_token_controls.CloudTokenControlsTests.test_matching_index_cannot_hide_orphaned_delegated_amount) ... ok
test_public_baseline_is_scoped_and_original_fixture_unchanged (test_cloud_token_controls.CloudTokenControlsTests.test_public_baseline_is_scoped_and_original_fixture_unchanged) ... ok
test_snapshot_external_close_authority_blocks_coverage (test_cloud_token_controls.CloudTokenControlsTests.test_snapshot_external_close_authority_blocks_coverage) ... ok
test_snapshot_validates_close_option_and_exact_wallet_binding (test_cloud_token_controls.CloudTokenControlsTests.test_snapshot_validates_close_option_and_exact_wallet_binding) ... ok
test_token2022_base_metadata_and_control_extensions_remain_excluded (test_cloud_token_controls.CloudTokenControlsTests.test_token2022_base_metadata_and_control_extensions_remain_excluded) ... ok
test_token_identity_and_program_owner_mismatches_rejected (test_cloud_token_controls.CloudTokenControlsTests.test_token_identity_and_program_owner_mismatches_rejected) ... ok
test_truncated_appended_and_executable_legacy_layouts_blocked (test_cloud_token_controls.CloudTokenControlsTests.test_truncated_appended_and_executable_legacy_layouts_blocked) ... ok
test_uninitialized_and_zero_supply_mints_rejected (test_cloud_token_controls.CloudTokenControlsTests.test_uninitialized_and_zero_supply_mints_rejected) ... ok
test_unknown_and_truncated_extensions_never_complete_inventory (test_cloud_token_controls.CloudTokenControlsTests.test_unknown_and_truncated_extensions_never_complete_inventory) ... ok
test_100_account_boundary_rejects_101_without_io_or_chunking (test_common_bank_acquisition_contract.CommonBankRequestContractTests.test_100_account_boundary_rejects_101_without_io_or_chunking) ... ok
test_deterministic_union_order_roles_and_no_duplicate_vault_or_mint (test_common_bank_acquisition_contract.CommonBankRequestContractTests.test_deterministic_union_order_roles_and_no_duplicate_vault_or_mint) ... ok
test_existing_exact_readers_reject_union_not_implicitly_accept_subsets (test_common_bank_acquisition_contract.CommonBankRequestContractTests.test_existing_exact_readers_reject_union_not_implicitly_accept_subsets) ... ok
test_missing_base_vault_duplicate_frontier_and_mint_as_holder_reject (test_common_bank_acquisition_contract.CommonBankRequestContractTests.test_missing_base_vault_duplicate_frontier_and_mint_as_holder_reject) ... ok
test_one_original_union_record_binds_both_views_without_sliced_responses (test_common_bank_acquisition_contract.CommonBankRequestContractTests.test_one_original_union_record_binds_both_views_without_sliced_responses) ... ok
test_real_shared_counter_charges_four_setup_calls_before_each_io (test_common_bank_acquisition_contract.CommonBankRequestContractTests.test_real_shared_counter_charges_four_setup_calls_before_each_io) ... ok
test_reservation_survives_crash_before_io_and_failure_never_refunds (test_common_bank_acquisition_contract.CommonBankRequestContractTests.test_reservation_survives_crash_before_io_and_failure_never_refunds) ... ok
test_slot_floor_is_not_historical_selector_and_changed_order_rejects (test_common_bank_acquisition_contract.CommonBankRequestContractTests.test_slot_floor_is_not_historical_selector_and_changed_order_rejects) ... ok
test_existing_matched_separate_fixture_path_works_but_advancement_cannot_retarget (test_common_bank_acquisition_contract.ExistingPointFeasibilityTests.test_existing_matched_separate_fixture_path_works_but_advancement_cannot_retarget) ... ok
test_one_union_preserves_complete_real_fixture_holder_endings_and_pool_state (test_common_bank_acquisition_contract.ExistingPointFeasibilityTests.test_one_union_preserves_complete_real_fixture_holder_endings_and_pool_state) ... ok
test_actual_t_above_floor_original_clock_wire_and_time_conservation (test_common_bank_clock_stage.ClockStageTests.test_actual_t_above_floor_original_clock_wire_and_time_conservation) ... ok
test_caller_wrong_slot_stale_fence_summary_stage_and_expired_handle_fail (test_common_bank_clock_stage.ClockStageTests.test_caller_wrong_slot_stale_fence_summary_stage_and_expired_handle_fail) ... ok
test_clock_positive_prefix_over_cap_and_redacted_failure_cannot_approve (test_common_bank_clock_stage.ClockStageTests.test_clock_positive_prefix_over_cap_and_redacted_failure_cannot_approve) ... ok
test_clock_transport_failure_is_bound_and_terminal_no_refund (test_common_bank_clock_stage.ClockStageTests.test_clock_transport_failure_is_bound_and_terminal_no_refund) ... ok
test_completion_commit_errors_only_identical_known_observation_can_persist (test_common_bank_clock_stage.ClockStageTests.test_completion_commit_errors_only_identical_known_observation_can_persist) ... ok
test_explicit_profile_preserves_all_prior_sql_and_raw_rows_no_downgrade (test_common_bank_clock_stage.ClockStageTests.test_explicit_profile_preserves_all_prior_sql_and_raw_rows_no_downgrade) ... ok
test_failed_or_ambiguous_union_cannot_start_clock (test_common_bank_clock_stage.ClockStageTests.test_failed_or_ambiguous_union_cannot_start_clock) ... ok
test_fresh_sqlite_cannot_replace_alias_delete_or_update_clock_rows (test_common_bank_clock_stage.ClockStageTests.test_fresh_sqlite_cannot_replace_alias_delete_or_update_clock_rows) ... ok
test_raw_byte_corruption_after_restored_trigger_fails_audit (test_common_bank_clock_stage.ClockStageTests.test_raw_byte_corruption_after_restored_trigger_fails_audit) ... ok
test_real_death_after_done_commit_retains_actual_t_and_block_time (test_common_bank_clock_stage.ClockStageTests.test_real_death_after_done_commit_retains_actual_t_and_block_time) ... ok
test_real_death_after_failure_commit_preserves_failed_provenance (test_common_bank_clock_stage.ClockStageTests.test_real_death_after_failure_commit_preserves_failed_provenance) ... ok
test_real_death_after_intent_is_charged_ambiguous_without_retry (test_common_bank_clock_stage.ClockStageTests.test_real_death_after_intent_is_charged_ambiguous_without_retry) ... ok
test_real_death_before_completion_commit_stays_terminal_pending (test_common_bank_clock_stage.ClockStageTests.test_real_death_before_completion_commit_stays_terminal_pending) ... ok
test_real_death_before_intent_commit_rolls_back_charge_and_pending (test_common_bank_clock_stage.ClockStageTests.test_real_death_before_intent_commit_rolls_back_charge_and_pending) ... ok
test_reservation_commit_errors_before_after_durability_mint_no_handle (test_common_bank_clock_stage.ClockStageTests.test_reservation_commit_errors_before_after_durability_mint_no_handle) ... ok
test_stale_source_counter_rewind_and_rehashed_union_t_never_ack_clock (test_common_bank_clock_stage.ClockStageTests.test_stale_source_counter_rewind_and_rehashed_union_t_never_ack_clock) ... ok
test_strict_time_int63_bounds_null_bool_float_unknown_and_overflow (test_common_bank_clock_stage.ClockStageTests.test_strict_time_int63_bounds_null_bool_float_unknown_and_overflow) ... ok
test_two_processes_race_one_clock_intent_charge_and_attachment (test_common_bank_clock_stage.ClockStageTests.test_two_processes_race_one_clock_intent_charge_and_attachment) ... ok
test_wrong_id_duplicate_error_extra_slot_and_invalid_json_retained_failed (test_common_bank_clock_stage.ClockStageTests.test_wrong_id_duplicate_error_extra_slot_and_invalid_json_retained_failed) ... ok
test_wrong_saved_request_slot_even_rehashed_and_missing_schema_refuse (test_common_bank_clock_stage.ClockStageTests.test_wrong_saved_request_slot_even_rehashed_and_missing_schema_refuse) ... ok
test_absent_journal_no_creation_and_all_original_publications_counters (test_common_bank_completion_inventory.CompletionInventoryTests.test_absent_journal_no_creation_and_all_original_publications_counters) ... ok
test_actual_index_trigger_collision_cannot_overwrite_journal_inventory (test_common_bank_completion_inventory.CompletionInventoryTests.test_actual_index_trigger_collision_cannot_overwrite_journal_inventory) ... ok
test_actual_index_trigger_collision_cannot_overwrite_legacy_inventory (test_common_bank_completion_inventory.CompletionInventoryTests.test_actual_index_trigger_collision_cannot_overwrite_legacy_inventory) ... ok
test_actual_ledger_table_trigger_collision_is_rejected_before_introspection (test_common_bank_completion_inventory.CompletionInventoryTests.test_actual_ledger_table_trigger_collision_is_rejected_before_introspection) ... ok
test_actual_table_trigger_collision_cannot_overwrite_journal_inventory (test_common_bank_completion_inventory.CompletionInventoryTests.test_actual_table_trigger_collision_cannot_overwrite_journal_inventory) ... ok
test_actual_table_trigger_collision_cannot_overwrite_legacy_inventory (test_common_bank_completion_inventory.CompletionInventoryTests.test_actual_table_trigger_collision_cannot_overwrite_legacy_inventory) ... ok
test_admitted_run_and_terminal_pending_retained_no_refund (test_common_bank_completion_inventory.CompletionInventoryTests.test_admitted_run_and_terminal_pending_retained_no_refund) ... ok
test_all_four_profiles_exact_original_raw_completion_and_pending_survive (test_common_bank_completion_inventory.CompletionInventoryTests.test_all_four_profiles_exact_original_raw_completion_and_pending_survive) ... ok
test_all_typed_profiles_expired_disabled_observations_and_markers_retained (test_common_bank_completion_inventory.CompletionInventoryTests.test_all_typed_profiles_expired_disabled_observations_and_markers_retained) ... ok
test_attachment_local_fields_rehash_does_not_hide_malformed_completion (test_common_bank_completion_inventory.CompletionInventoryTests.test_attachment_local_fields_rehash_does_not_hide_malformed_completion) ... ok
test_boolean_numeric_pin_is_not_an_exact_integer_head (test_common_bank_completion_inventory.CompletionInventoryTests.test_boolean_numeric_pin_is_not_an_exact_integer_head) ... ok
test_deadline_and_unsafe_dynamic_research_columns_refuse (test_common_bank_completion_inventory.CompletionInventoryTests.test_deadline_and_unsafe_dynamic_research_columns_refuse) ... ok
test_existing_coordinator_contention_and_no_missing_lock_creation (test_common_bank_completion_inventory.CompletionInventoryTests.test_existing_coordinator_contention_and_no_missing_lock_creation) ... ok
test_extra_index_on_owned_journal_table_cannot_hide_under_other_name (test_common_bank_completion_inventory.CompletionInventoryTests.test_extra_index_on_owned_journal_table_cannot_hide_under_other_name) ... ok
test_failed_raw_attachment_remains_and_budget_survives (test_common_bank_completion_inventory.CompletionInventoryTests.test_failed_raw_attachment_remains_and_budget_survives) ... ok
test_four_rehashed_reported_pending_attacks_and_extra_fields_reject (test_common_bank_completion_inventory.CompletionInventoryTests.test_four_rehashed_reported_pending_attacks_and_extra_fields_reject) ... ok
test_inode_replacement_during_load_refuses_no_partial_result (test_common_bank_completion_inventory.CompletionInventoryTests.test_inode_replacement_during_load_refuses_no_partial_result) ... ok
test_legacy_capture_all_original_rows_and_publications_not_filtered (test_common_bank_completion_inventory.CompletionInventoryTests.test_legacy_capture_all_original_rows_and_publications_not_filtered) ... ok
test_new_unmatched_stage_or_hash_corruption_refuses_after_success (test_common_bank_completion_inventory.CompletionInventoryTests.test_new_unmatched_stage_or_hash_corruption_refuses_after_success) ... ok
test_original_page_catalog_is_complete_without_blob_materialization (test_common_bank_completion_inventory.CompletionInventoryTests.test_original_page_catalog_is_complete_without_blob_materialization) ... ok
test_oversized_scalar_preflight_before_any_values_are_loaded (test_common_bank_completion_inventory.CompletionInventoryTests.test_oversized_scalar_preflight_before_any_values_are_loaded) ... ok
test_reader_blocks_standard_writers_inside_materialization_window (test_common_bank_completion_inventory.CompletionInventoryTests.test_reader_blocks_standard_writers_inside_materialization_window) ... ok
test_reader_sql_authorizer_denies_mutation_and_attach (test_common_bank_completion_inventory.CompletionInventoryTests.test_reader_sql_authorizer_denies_mutation_and_attach) ... ok
test_rehashed_legacy_times_and_pool_descriptor_cannot_hide_malformed_local_fields (test_common_bank_completion_inventory.CompletionInventoryTests.test_rehashed_legacy_times_and_pool_descriptor_cannot_hide_malformed_local_fields) ... ok
test_shared_byte_and_row_limits_before_materialization (test_common_bank_completion_inventory.CompletionInventoryTests.test_shared_byte_and_row_limits_before_materialization) ... ok
test_slot_union_clock_rehashed_local_fields_enforced_without_semantic_session (test_common_bank_completion_inventory.CompletionInventoryTests.test_slot_union_clock_rehashed_local_fields_enforced_without_semantic_session) ... ok
test_stage_future_version_refuses_even_with_rehashed_local_bytes (test_common_bank_completion_inventory.CompletionInventoryTests.test_stage_future_version_refuses_even_with_rehashed_local_bytes) ... ok
test_symlink_hardlink_modes_wal_and_hot_journal_rejected (test_common_bank_completion_inventory.CompletionInventoryTests.test_symlink_hardlink_modes_wal_and_hot_journal_rejected) ... ok
test_unknown_and_partial_journal_profiles_refuse_complete_output (test_common_bank_completion_inventory.CompletionInventoryTests.test_unknown_and_partial_journal_profiles_refuse_complete_output) ... ok
test_unsealed_and_missing_research_original_are_explicit_blockers (test_common_bank_completion_inventory.CompletionInventoryTests.test_unsealed_and_missing_research_original_are_explicit_blockers) ... ok
test_unstarted_descriptor_and_plan_extra_fields_rehashed_are_rejected (test_common_bank_completion_inventory.CompletionInventoryTests.test_unstarted_descriptor_and_plan_extra_fields_rehashed_are_rejected) ... ok
test_writer_contention_all_three_databases_fail_without_mutation (test_common_bank_completion_inventory.CompletionInventoryTests.test_writer_contention_all_three_databases_fail_without_mutation) ... ok
test_wrong_external_identity_descriptor_head_and_missing_pins (test_common_bank_completion_inventory.CompletionInventoryTests.test_wrong_external_identity_descriptor_head_and_missing_pins) ... ok
test_unsupported_platform_before_pins_files_or_sqlite (test_common_bank_completion_inventory.PortableInventoryTests.test_unsupported_platform_before_pins_files_or_sqlite) ... ok
test_actual_fork_cannot_use_inherited_completion_handle (test_common_bank_genesis_attachment.GenesisAttachmentTests.test_actual_fork_cannot_use_inherited_completion_handle) ... ok
test_altered_original_bytes_are_detected_after_restored_trigger (test_common_bank_genesis_attachment.GenesisAttachmentTests.test_altered_original_bytes_are_detected_after_restored_trigger) ... ok
test_commit_errors_allow_only_identical_known_observation_persistence (test_common_bank_genesis_attachment.GenesisAttachmentTests.test_commit_errors_allow_only_identical_known_observation_persistence) ... ok
test_every_malformed_conflicting_or_error_response_is_retained_failed (test_common_bank_genesis_attachment.GenesisAttachmentTests.test_every_malformed_conflicting_or_error_response_is_retained_failed) ... ok
test_exact_response_cap_and_oversize_failure_preserve_no_validated_prefix (test_common_bank_genesis_attachment.GenesisAttachmentTests.test_exact_response_cap_and_oversize_failure_preserve_no_validated_prefix) ... ok
test_explicit_install_preserves_v1_schema_records_and_is_idempotent (test_common_bank_genesis_attachment.GenesisAttachmentTests.test_explicit_install_preserves_v1_schema_records_and_is_idempotent) ... ok
test_fresh_sqlite_attachment_replace_delete_update_rowid_aliases_are_blocked (test_common_bank_genesis_attachment.GenesisAttachmentTests.test_fresh_sqlite_attachment_replace_delete_update_rowid_aliases_are_blocked) ... ok
test_handle_dies_with_session_and_cannot_be_used_in_another_session (test_common_bank_genesis_attachment.GenesisAttachmentTests.test_handle_dies_with_session_and_cannot_be_used_in_another_session) ... ok
test_legacy_or_reopened_pending_never_gains_completion_authority (test_common_bank_genesis_attachment.GenesisAttachmentTests.test_legacy_or_reopened_pending_never_gains_completion_authority) ... ok
test_missing_attachment_schema_or_metadata_and_version_cannot_remigrate (test_common_bank_genesis_attachment.GenesisAttachmentTests.test_missing_attachment_schema_or_metadata_and_version_cannot_remigrate) ... ok
test_original_response_and_request_exact_bytes_once_no_approval (test_common_bank_genesis_attachment.GenesisAttachmentTests.test_original_response_and_request_exact_bytes_once_no_approval) ... ok
test_real_death_after_completion_commit_recovers_exact_done_without_retry (test_common_bank_genesis_attachment.GenesisAttachmentTests.test_real_death_after_completion_commit_recovers_exact_done_without_retry) ... ok
test_real_death_after_failure_commit_preserves_redacted_terminal_record (test_common_bank_genesis_attachment.GenesisAttachmentTests.test_real_death_after_failure_commit_preserves_redacted_terminal_record) ... ok
test_real_death_after_intent_before_result_stays_ambiguous (test_common_bank_genesis_attachment.GenesisAttachmentTests.test_real_death_after_intent_before_result_stays_ambiguous) ... ok
test_real_death_before_completion_commit_rolls_back_attachment_only (test_common_bank_genesis_attachment.GenesisAttachmentTests.test_real_death_before_completion_commit_rolls_back_attachment_only) ... ok
test_redacted_failure_is_fixed_bound_terminal_and_not_refunded (test_common_bank_genesis_attachment.GenesisAttachmentTests.test_redacted_failure_is_fixed_bound_terminal_and_not_refunded) ... ok
test_stale_source_descriptor_and_cross_thread_handle_fail_before_attachment (test_common_bank_genesis_attachment.GenesisAttachmentTests.test_stale_source_descriptor_and_cross_thread_handle_fail_before_attachment) ... ok
test_summaries_mutable_bytes_forged_handle_and_bad_time_rejected (test_common_bank_genesis_attachment.GenesisAttachmentTests.test_summaries_mutable_bytes_forged_handle_and_bad_time_rejected) ... ok
test_two_real_processes_only_one_can_begin_and_attach (test_common_bank_genesis_attachment.GenesisAttachmentTests.test_two_real_processes_only_one_can_begin_and_attach) ... ok
test_atomic_charge_intent_and_terminal_no_retry_new_id_or_refund (test_common_bank_journal.CommonBankJournalTests.test_atomic_charge_intent_and_terminal_no_retry_new_id_or_refund) ... ok
test_changed_plan_or_source_registry_reopen_has_no_fallback (test_common_bank_journal.CommonBankJournalTests.test_changed_plan_or_source_registry_reopen_has_no_fallback) ... ok
test_counter_rewind_below_committed_intent_is_not_accepted (test_common_bank_journal.CommonBankJournalTests.test_counter_rewind_below_committed_intent_is_not_accepted) ... ok
test_existing_counter_exhaustion_and_lower_bound_no_new_budget (test_common_bank_journal.CommonBankJournalTests.test_existing_counter_exhaustion_and_lower_bound_no_new_budget) ... ok
test_expired_session_recursive_contention_and_hardlink_alias (test_common_bank_journal.CommonBankJournalTests.test_expired_session_recursive_contention_and_hardlink_alias) ... ok
test_immutable_replace_update_delete_and_rowid_aliases_fresh_connection (test_common_bank_journal.CommonBankJournalTests.test_immutable_replace_update_delete_and_rowid_aliases_fresh_connection) ... ok
test_insert_failure_rolls_back_both_charge_and_intent (test_common_bank_journal.CommonBankJournalTests.test_insert_failure_rolls_back_both_charge_and_intent) ... ok
test_legacy_budget_is_never_converted_into_a_sealed_run (test_common_bank_journal.CommonBankJournalTests.test_legacy_budget_is_never_converted_into_a_sealed_run) ... ok
test_missing_schema_metadata_triggers_cannot_remigrate_or_charge (test_common_bank_journal.CommonBankJournalTests.test_missing_schema_metadata_triggers_cannot_remigrate_or_charge) ... ok
test_prepared_legacy_changed_source_and_fixed_bank_block_without_charge (test_common_bank_journal.CommonBankJournalTests.test_prepared_legacy_changed_source_and_fixed_bank_block_without_charge) ... ok
test_process_concurrency_charges_exactly_one_intent (test_common_bank_journal.CommonBankJournalTests.test_process_concurrency_charges_exactly_one_intent) ... ok
test_raw_discovery_plan_sealed_source_identity_no_original_mutation (test_common_bank_journal.CommonBankJournalTests.test_raw_discovery_plan_sealed_source_identity_no_original_mutation) ... ok
test_real_process_death_after_commit_remains_charged_terminal (test_common_bank_journal.CommonBankJournalTests.test_real_process_death_after_commit_remains_charged_terminal) ... ok
test_real_process_death_before_commit_rolls_back_both (test_common_bank_journal.CommonBankJournalTests.test_real_process_death_before_commit_rolls_back_both) ... ok
test_stale_fence_wrong_stage_request_and_bad_time_never_charge (test_common_bank_journal.CommonBankJournalTests.test_stale_fence_wrong_stage_request_and_bad_time_never_charge) ... ok
test_unknown_triggers_on_counter_and_journal_are_rejected_before_charge (test_common_bank_journal.CommonBankJournalTests.test_unknown_triggers_on_counter_and_journal_are_rejected_before_charge) ... ok
test_actual_persisted_bytes_full_semantics_no_mutation_no_authority (test_common_bank_journal_replay.JournalSemanticReplayTests.test_actual_persisted_bytes_full_semantics_no_mutation_no_authority) ... ok
test_actual_process_death_during_semantic_read_releases_guard_without_mutation (test_common_bank_journal_replay.JournalSemanticReplayTests.test_actual_process_death_during_semantic_read_releases_guard_without_mutation) ... ok
test_all_selected_second_pass_bytes_reserved_before_any_body_fetch (test_common_bank_journal_replay.JournalSemanticReplayTests.test_all_selected_second_pass_bytes_reserved_before_any_body_fetch) ... ok
test_blob_in_nominally_numeric_source_column_is_bounded_before_audit (test_common_bank_journal_replay.JournalSemanticReplayTests.test_blob_in_nominally_numeric_source_column_is_bounded_before_audit) ... ok
test_candidate_manifest_summary_or_expired_session_cannot_supply_input (test_common_bank_journal_replay.JournalSemanticReplayTests.test_candidate_manifest_summary_or_expired_session_cannot_supply_input) ... ok
test_changed_sealed_source_or_planned_source_rejects_without_mutation (test_common_bank_journal_replay.JournalSemanticReplayTests.test_changed_sealed_source_or_planned_source_rejects_without_mutation) ... ok
test_clock_timestamp_or_capture_age_summary_substitution_cannot_pass (test_common_bank_journal_replay.JournalSemanticReplayTests.test_clock_timestamp_or_capture_age_summary_substitution_cannot_pass) ... ok
test_evidence_read_guard_prevents_sql_writer_and_replay_never_enters_write_transaction (test_common_bank_journal_replay.JournalSemanticReplayTests.test_evidence_read_guard_prevents_sql_writer_and_replay_never_enters_write_transaction) ... ok
test_missing_or_failed_clock_and_missing_union_refuse_without_writes (test_common_bank_journal_replay.JournalSemanticReplayTests.test_missing_or_failed_clock_and_missing_union_refuse_without_writes) ... ok
test_missing_original_discovery_page_cannot_use_saved_verified_plan (test_common_bank_journal_replay.JournalSemanticReplayTests.test_missing_original_discovery_page_cannot_use_saved_verified_plan) ... ok
test_null_holder_explicit_unknown_no_zero_closed_or_private_label (test_common_bank_journal_replay.JournalSemanticReplayTests.test_null_holder_explicit_unknown_no_zero_closed_or_private_label) ... ok
test_original_request_slot_substitution_fails_before_semantics (test_common_bank_journal_replay.JournalSemanticReplayTests.test_original_request_slot_substitution_fails_before_semantics) ... ok
test_original_response_bytes_corruption_cannot_hide_behind_summaries (test_common_bank_journal_replay.JournalSemanticReplayTests.test_original_response_bytes_corruption_cannot_hide_behind_summaries) ... ok
test_oversized_counter_and_journal_ordinal_refuse_before_decode (test_common_bank_journal_replay.JournalSemanticReplayTests.test_oversized_counter_and_journal_ordinal_refuse_before_decode) ... ok
test_preflight_oversized_original_before_any_decoding (test_common_bank_journal_replay.JournalSemanticReplayTests.test_preflight_oversized_original_before_any_decoding) ... ok
test_prior_unbounded_discovery_stays_rejected_without_silent_rewriting (test_common_bank_journal_replay.JournalSemanticReplayTests.test_prior_unbounded_discovery_stays_rejected_without_silent_rewriting) ... ok
test_rehashed_plan_source_or_past_observation_never_approves (test_common_bank_journal_replay.JournalSemanticReplayTests.test_rehashed_plan_source_or_past_observation_never_approves) ... ok
test_rehashed_wrong_t_cannot_rebind_clock_predecessor (test_common_bank_journal_replay.JournalSemanticReplayTests.test_rehashed_wrong_t_cannot_rebind_clock_predecessor) ... ok
test_restart_replay_identical_without_handle_reservation_or_refresh (test_common_bank_journal_replay.JournalSemanticReplayTests.test_restart_replay_identical_without_handle_reservation_or_refresh) ... ok
test_shared_aggregate_reference_and_byte_limits_reject_entire_result (test_common_bank_journal_replay.JournalSemanticReplayTests.test_shared_aggregate_reference_and_byte_limits_reject_entire_result) ... ok
test_syntax_done_native_lamport_reserve_contradiction_is_rejected (test_common_bank_journal_replay.JournalSemanticReplayTests.test_syntax_done_native_lamport_reserve_contradiction_is_rejected) ... ok
test_syntax_done_swapped_mint_lp_identity_is_rejected (test_common_bank_journal_replay.JournalSemanticReplayTests.test_syntax_done_swapped_mint_lp_identity_is_rejected) ... ok
test_syntax_done_wrong_holder_authority_is_semantic_rejection (test_common_bank_journal_replay.JournalSemanticReplayTests.test_syntax_done_wrong_holder_authority_is_semantic_rejection) ... ok
test_syntax_done_wrong_holder_mint_is_semantic_rejection (test_common_bank_journal_replay.JournalSemanticReplayTests.test_syntax_done_wrong_holder_mint_is_semantic_rejection) ... ok
test_syntax_done_wrong_pool_mint_binding_is_rejected (test_common_bank_journal_replay.JournalSemanticReplayTests.test_syntax_done_wrong_pool_mint_binding_is_rejected) ... ok
test_syntax_done_wrong_pool_pda_bump_is_rejected (test_common_bank_journal_replay.JournalSemanticReplayTests.test_syntax_done_wrong_pool_pda_bump_is_rejected) ... ok
test_syntax_done_wrong_vault_authority_is_semantic_rejection (test_common_bank_journal_replay.JournalSemanticReplayTests.test_syntax_done_wrong_vault_authority_is_semantic_rejection) ... ok
test_caught_optional_history_resource_error_still_rejects_whole_evaluation (test_common_bank_journal_replay.SemanticResourceLatchTests.test_caught_optional_history_resource_error_still_rejects_whole_evaluation) ... ok
test_malformed_suffix_row_count_is_rejected_before_any_audit (test_common_bank_journal_replay.WholeSetReplayRefusalTests.test_malformed_suffix_row_count_is_rejected_before_any_audit) ... ok
test_actual_persisted_v1_rows_and_file_bytes_unchanged_by_pure_dispatch (test_common_bank_receipt_chain.ReceiptChainTests.test_actual_persisted_v1_rows_and_file_bytes_unchanged_by_pure_dispatch) ... ok
test_additional_transition_not_accepted_as_observation (test_common_bank_receipt_chain.ReceiptChainTests.test_additional_transition_not_accepted_as_observation) ... ok
test_all_scope_markers_enumerated_without_status_filter (test_common_bank_receipt_chain.ReceiptChainTests.test_all_scope_markers_enumerated_without_status_filter) ... ok
test_boolean_slots_and_malformed_identity_refuse (test_common_bank_receipt_chain.ReceiptChainTests.test_boolean_slots_and_malformed_identity_refuse) ... ok
test_bounded_rows_and_payload_preflight_precedes_json_hashing (test_common_bank_receipt_chain.ReceiptChainTests.test_bounded_rows_and_payload_preflight_precedes_json_hashing) ... ok
test_certificate_and_capability_bounds_do_not_allow_per_profile_quota (test_common_bank_receipt_chain.ReceiptChainTests.test_certificate_and_capability_bounds_do_not_allow_per_profile_quota) ... ok
test_certificate_capability_is_exact_version_profile_and_source (test_common_bank_receipt_chain.ReceiptChainTests.test_certificate_capability_is_exact_version_profile_and_source) ... ok
test_descriptor_and_prefix_rewrite_cannot_be_hidden_by_valid_new_chain (test_common_bank_receipt_chain.ReceiptChainTests.test_descriptor_and_prefix_rewrite_cannot_be_hidden_by_valid_new_chain) ... ok
test_duplicate_capabilities_and_invalid_enabled_flag_reject (test_common_bank_receipt_chain.ReceiptChainTests.test_duplicate_capabilities_and_invalid_enabled_flag_reject) ... ok
test_duplicate_keys_deep_json_nonfinite_unknown_fields_refuse (test_common_bank_receipt_chain.ReceiptChainTests.test_duplicate_keys_deep_json_nonfinite_unknown_fields_refuse) ... ok
test_empty_legacy_prefix_uses_descriptor_seed_and_requires_transition (test_common_bank_receipt_chain.ReceiptChainTests.test_empty_legacy_prefix_uses_descriptor_seed_and_requires_transition) ... ok
test_empty_unknown_list_rows_or_unbounded_legacy_anchor_refuse_without_copy (test_common_bank_receipt_chain.ReceiptChainTests.test_empty_unknown_list_rows_or_unbounded_legacy_anchor_refuse_without_copy) ... ok
test_head_count_hash_gap_duplicate_publication_and_payload_refuse (test_common_bank_receipt_chain.ReceiptChainTests.test_head_count_hash_gap_duplicate_publication_and_payload_refuse) ... ok
test_legacy_capability_cannot_disappear_or_rebind (test_common_bank_receipt_chain.ReceiptChainTests.test_legacy_capability_cannot_disappear_or_rebind) ... ok
test_marker_sentinels_cannot_be_valid_scope_or_fake_slot (test_common_bank_receipt_chain.ReceiptChainTests.test_marker_sentinels_cannot_be_valid_scope_or_fake_slot) ... ok
test_mixed_chain_keeps_exact_prefix_expired_and_disabled_sources_all_false (test_common_bank_receipt_chain.ReceiptChainTests.test_mixed_chain_keeps_exact_prefix_expired_and_disabled_sources_all_false) ... ok
test_multibyte_payload_and_total_shared_byte_bound_precede_parse (test_common_bank_receipt_chain.ReceiptChainTests.test_multibyte_payload_and_total_shared_byte_bound_precede_parse) ... ok
test_new_observation_does_not_resolve_marker_or_drop_failed_attempt (test_common_bank_receipt_chain.ReceiptChainTests.test_new_observation_does_not_resolve_marker_or_drop_failed_attempt) ... ok
test_no_partial_prefix_or_prior_success_cache_after_tail_damage (test_common_bank_receipt_chain.ReceiptChainTests.test_no_partial_prefix_or_prior_success_cache_after_tail_damage) ... ok
test_old_head_count_schema_dispatch_and_descriptor_hash_transition_pins (test_common_bank_receipt_chain.ReceiptChainTests.test_old_head_count_schema_dispatch_and_descriptor_hash_transition_pins) ... ok
test_original_prefix_cannot_be_reserialized_even_with_recomputed_head (test_common_bank_receipt_chain.ReceiptChainTests.test_original_prefix_cannot_be_reserialized_even_with_recomputed_head) ... ok
test_post_transition_v1_cannot_reuse_unwrapped_legacy_payload (test_common_bank_receipt_chain.ReceiptChainTests.test_post_transition_v1_cannot_reuse_unwrapped_legacy_payload) ... ok
test_real_256_scope_limit_includes_both_profiles_and_254_markers (test_common_bank_receipt_chain.ReceiptChainTests.test_real_256_scope_limit_includes_both_profiles_and_254_markers) ... ok
test_recomputed_truncated_tail_cannot_replace_independent_current_head_pin (test_common_bank_receipt_chain.ReceiptChainTests.test_recomputed_truncated_tail_cannot_replace_independent_current_head_pin) ... ok
test_scope_bad_types_refuse_and_other_slot_does_not_relabel_actual_bank (test_common_bank_receipt_chain.ReceiptChainTests.test_scope_bad_types_refuse_and_other_slot_does_not_relabel_actual_bank) ... ok
test_scoped_bound_counts_all_profiles_and_markers_together (test_common_bank_receipt_chain.ReceiptChainTests.test_scoped_bound_counts_all_profiles_and_markers_together) ... ok
test_shared_reference_bound_deduplicates_across_profiles_not_per_record (test_common_bank_receipt_chain.ReceiptChainTests.test_shared_reference_bound_deduplicates_across_profiles_not_per_record) ... ok
test_signed_invalid_times_retained_for_later_semantic_rejection (test_common_bank_receipt_chain.ReceiptChainTests.test_signed_invalid_times_retained_for_later_semantic_rejection) ... ok
test_transition_sentinels_and_position_must_be_exact (test_common_bank_receipt_chain.ReceiptChainTests.test_transition_sentinels_and_position_must_be_exact) ... ok
test_unknown_identity_blocks_other_scopes_not_hidden_by_known_slot (test_common_bank_receipt_chain.ReceiptChainTests.test_unknown_identity_blocks_other_scopes_not_hidden_by_known_slot) ... ok
test_unknown_slot_blocks_all_slots_only_for_known_pool_mint (test_common_bank_receipt_chain.ReceiptChainTests.test_unknown_slot_blocks_all_slots_only_for_known_pool_mint) ... ok
test_unknown_type_version_profile_and_resolution_refuse_entire_chain (test_common_bank_receipt_chain.ReceiptChainTests.test_unknown_type_version_profile_and_resolution_refuse_entire_chain) ... ok
test_unpinned_or_mismatched_certificate_and_payload_hash_refuse (test_common_bank_receipt_chain.ReceiptChainTests.test_unpinned_or_mismatched_certificate_and_payload_hash_refuse) ... ok
test_wrapped_new_v1_and_union_are_in_one_scope (test_common_bank_receipt_chain.ReceiptChainTests.test_wrapped_new_v1_and_union_are_in_one_scope) ... ok
test_different_clock_is_visible_even_with_identical_six_account_state (test_common_bank_receipt_compatibility.CommonBankReceiptCompatibilityTests.test_different_clock_is_visible_even_with_identical_six_account_state) ... ok
test_expired_original_conflict_still_blocks_fresh_selected_v1 (test_common_bank_receipt_compatibility.CommonBankReceiptCompatibilityTests.test_expired_original_conflict_still_blocks_fresh_selected_v1) ... ok
test_extra_version_table_is_not_an_old_reader_or_writer_fence (test_common_bank_receipt_compatibility.CommonBankReceiptCompatibilityTests.test_extra_version_table_is_not_an_old_reader_or_writer_fence) ... ok
test_incomplete_manifest_cannot_become_an_empty_competing_set (test_common_bank_receipt_compatibility.CommonBankReceiptCompatibilityTests.test_incomplete_manifest_cannot_become_an_empty_competing_set) ... ok
test_missing_original_competing_record_is_not_ignored (test_common_bank_receipt_compatibility.CommonBankReceiptCompatibilityTests.test_missing_original_competing_record_is_not_ignored) ... ok
test_original_union_and_v1_same_bank_semantic_join_preserves_all_bytes (test_common_bank_receipt_compatibility.CommonBankReceiptCompatibilityTests.test_original_union_and_v1_same_bank_semantic_join_preserves_all_bytes) ... ok
test_required_trigger_fences_both_old_paths_without_rewriting_rows (test_common_bank_receipt_compatibility.CommonBankReceiptCompatibilityTests.test_required_trigger_fences_both_old_paths_without_rewriting_rows) ... ok
test_same_slot_valid_but_conflicting_union_is_not_partitioned_by_profile (test_common_bank_receipt_compatibility.CommonBankReceiptCompatibilityTests.test_same_slot_valid_but_conflicting_union_is_not_partitioned_by_profile) ... ok
test_source_profile_extension_refused_without_changing_original_chain (test_common_bank_receipt_compatibility.CommonBankReceiptCompatibilityTests.test_source_profile_extension_refused_without_changing_original_chain) ... ok
test_transactional_schema_transition_rollback_retains_exact_v1_identity (test_common_bank_receipt_compatibility.CommonBankReceiptCompatibilityTests.test_transactional_schema_transition_rollback_retains_exact_v1_identity) ... ok
test_v1_original_binding_rejects_union_without_slicing (test_common_bank_receipt_compatibility.CommonBankReceiptCompatibilityTests.test_v1_original_binding_rejects_union_without_slicing) ... ok
test_actual_v1_read_and_write_refuse_required_fence_without_row_rewrite (test_common_bank_receipt_format.ReceiptFormatTests.test_actual_v1_read_and_write_refuse_required_fence_without_row_rewrite) ... ok
test_all_missing_changed_or_reordered_inventory_entries_refuse (test_common_bank_receipt_format.ReceiptFormatTests.test_all_missing_changed_or_reordered_inventory_entries_refuse) ... ok
test_blob_metadata_or_wrong_hash_byte_count_rejects_preflight (test_common_bank_receipt_format.ReceiptFormatTests.test_blob_metadata_or_wrong_hash_byte_count_rejects_preflight) ... ok
test_cardinality_ids_count_types_and_corrupted_scalar_shapes_refuse (test_common_bank_receipt_format.ReceiptFormatTests.test_cardinality_ids_count_types_and_corrupted_scalar_shapes_refuse) ... ok
test_certificate_collision_does_not_delete_another_row (test_common_bank_receipt_format.ReceiptFormatTests.test_certificate_collision_does_not_delete_another_row) ... ok
test_certificate_update_delete_replace_and_every_rowid_alias_reject (test_common_bank_receipt_format.ReceiptFormatTests.test_certificate_update_delete_replace_and_every_rowid_alias_reject) ... ok
test_damage_after_success_cannot_use_cached_format_success (test_common_bank_receipt_format.ReceiptFormatTests.test_damage_after_success_cannot_use_cached_format_success) ... ok
test_direct_validation_helpers_refuse_invalid_utf8_without_uncaught_decode_errors (test_common_bank_receipt_format.ReceiptFormatTests.test_direct_validation_helpers_refuse_invalid_utf8_without_uncaught_decode_errors) ... ok
test_exact_inventory_fingerprint_header_preflight_and_typed_snapshot (test_common_bank_receipt_format.ReceiptFormatTests.test_exact_inventory_fingerprint_header_preflight_and_typed_snapshot) ... ok
test_extra_table_index_view_trigger_and_temp_object_cannot_enter_inventory (test_common_bank_receipt_format.ReceiptFormatTests.test_extra_table_index_view_trigger_and_temp_object_cannot_enter_inventory) ... ok
test_fence_retains_seq_publication_payload_and_rowid_collision_guards (test_common_bank_receipt_format.ReceiptFormatTests.test_fence_retains_seq_publication_payload_and_rowid_collision_guards) ... ok
test_header_profile_file_page_bounds_and_current_header_count (test_common_bank_receipt_format.ReceiptFormatTests.test_header_profile_file_page_bounds_and_current_header_count) ... ok
test_immutable_constants_and_all_legacy_sql_unchanged_except_fence (test_common_bank_receipt_format.ReceiptFormatTests.test_immutable_constants_and_all_legacy_sql_unchanged_except_fence) ... ok
test_invalid_freelist_and_invalid_header_bytes_refuse (test_common_bank_receipt_format.ReceiptFormatTests.test_invalid_freelist_and_invalid_header_bytes_refuse) ... ok
test_loaded_image_must_match_preflight_scalars_after_bounded_dispatch (test_common_bank_receipt_format.ReceiptFormatTests.test_loaded_image_must_match_preflight_scalars_after_bounded_dispatch) ... ok
test_numeric_schema_preflight_rejects_extra_or_oversized_objects_before_decode (test_common_bank_receipt_format.ReceiptFormatTests.test_numeric_schema_preflight_rejects_extra_or_oversized_objects_before_decode) ... ok
test_original_v1_or_weakened_collision_fence_sql_refuses (test_common_bank_receipt_format.ReceiptFormatTests.test_original_v1_or_weakened_collision_fence_sql_refuses) ... ok
test_real_10000_records_fit_resource_envelope_then_10001_preflight_refuses (test_common_bank_receipt_format.ReceiptFormatTests.test_real_10000_records_fit_resource_envelope_then_10001_preflight_refuses) ... ok
test_row_byte_or_type_overflow_refuses_before_typed_chain (test_common_bank_receipt_format.ReceiptFormatTests.test_row_byte_or_type_overflow_refuses_before_typed_chain) ... ok
test_shared_32m_byte_envelope_charges_original_prefix_and_metadata (test_common_bank_receipt_format.ReceiptFormatTests.test_shared_32m_byte_envelope_charges_original_prefix_and_metadata) ... ok
test_unknown_missing_or_partial_atomic_discriminator_refuses (test_common_bank_receipt_format.ReceiptFormatTests.test_unknown_missing_or_partial_atomic_discriminator_refuses) ... ok
test_upper_header_page_limit_accepts_only_exact_matching_size (test_common_bank_receipt_format.ReceiptFormatTests.test_upper_header_page_limit_accepts_only_exact_matching_size) ... ok
test_utf8_body_overflow_detected_by_sql_scalars_before_json_materialization (test_common_bank_receipt_format.ReceiptFormatTests.test_utf8_body_overflow_detected_by_sql_scalars_before_json_materialization) ... ok
test_wrong_certificate_pin_or_unreviewed_schema_hash_cannot_be_provisioned (test_common_bank_receipt_format.ReceiptFormatTests.test_wrong_certificate_pin_or_unreviewed_schema_hash_cannot_be_provisioned) ... ok
test_unsupported_platform_fails_before_pins_paths_or_database_access (test_common_bank_receipt_reader.PortableReaderPlatformTests.test_unsupported_platform_fails_before_pins_paths_or_database_access) ... ok
test_actual_reader_accepts_complete_ten_thousand_row_image_without_filtering (test_common_bank_receipt_reader.ProtectedReceiptReaderTests.test_actual_reader_accepts_complete_ten_thousand_row_image_without_filtering) ... ok
test_all_profiles_markers_expired_disabled_sources_survive_actual_read (test_common_bank_receipt_reader.ProtectedReceiptReaderTests.test_all_profiles_markers_expired_disabled_sources_survive_actual_read) ... ok
test_connection_is_pristine_readonly_and_cannot_disable_query_only (test_common_bank_receipt_reader.ProtectedReceiptReaderTests.test_connection_is_pristine_readonly_and_cannot_disable_query_only) ... ok
test_coordinator_lock_contention_fails_immediately_and_never_opens_db (test_common_bank_receipt_reader.ProtectedReceiptReaderTests.test_coordinator_lock_contention_fails_immediately_and_never_opens_db) ... ok
test_corruption_after_prior_success_never_returns_cached_prefix (test_common_bank_receipt_reader.ProtectedReceiptReaderTests.test_corruption_after_prior_success_never_returns_cached_prefix) ... ok
test_current_head_and_certificate_pin_are_checked_against_actual_values (test_common_bank_receipt_reader.ProtectedReceiptReaderTests.test_current_head_and_certificate_pin_are_checked_against_actual_values) ... ok
test_current_pin_never_refreshes_after_append (test_common_bank_receipt_reader.ProtectedReceiptReaderTests.test_current_pin_never_refreshes_after_append) ... ok
test_evidence_hot_journal_also_refuses_before_any_database_open (test_common_bank_receipt_reader.ProtectedReceiptReaderTests.test_evidence_hot_journal_also_refuses_before_any_database_open) ... ok
test_guard_blocks_noncooperating_writer_during_snapshot_loading (test_common_bank_receipt_reader.ProtectedReceiptReaderTests.test_guard_blocks_noncooperating_writer_during_snapshot_loading) ... ok
test_header_physical_overflow_refuses_before_sqlite_open (test_common_bank_receipt_reader.ProtectedReceiptReaderTests.test_header_physical_overflow_refuses_before_sqlite_open) ... ok
test_hot_stale_wal_shm_sidecars_refuse_before_sqlite_open (test_common_bank_receipt_reader.ProtectedReceiptReaderTests.test_hot_stale_wal_shm_sidecars_refuse_before_sqlite_open) ... ok
test_invalid_utf8_sql_text_refuses_without_mutation (test_common_bank_receipt_reader.ProtectedReceiptReaderTests.test_invalid_utf8_sql_text_refuses_without_mutation) ... ok
test_ledger_evidence_aliases_and_hardlinks_refuse_before_sqlite (test_common_bank_receipt_reader.ProtectedReceiptReaderTests.test_ledger_evidence_aliases_and_hardlinks_refuse_before_sqlite) ... ok
test_ledger_evidence_or_lock_replacement_during_read_has_no_result (test_common_bank_receipt_reader.ProtectedReceiptReaderTests.test_ledger_evidence_or_lock_replacement_during_read_has_no_result) ... ok
test_missing_extra_altered_schema_refuse_before_values_load (test_common_bank_receipt_reader.ProtectedReceiptReaderTests.test_missing_extra_altered_schema_refuse_before_values_load) ... ok
test_missing_lock_cannot_be_recreated (test_common_bank_receipt_reader.ProtectedReceiptReaderTests.test_missing_lock_cannot_be_recreated) ... ok
test_new_call_after_locked_failure_revalidates_without_sticky_or_cached_success (test_common_bank_receipt_reader.ProtectedReceiptReaderTests.test_new_call_after_locked_failure_revalidates_without_sticky_or_cached_success) ... ok
test_no_candidate_defaults_or_wrong_boundary_pins (test_common_bank_receipt_reader.ProtectedReceiptReaderTests.test_no_candidate_defaults_or_wrong_boundary_pins) ... ok
test_oversized_schema_preflight_precedes_full_sql_text_inventory (test_common_bank_receipt_reader.ProtectedReceiptReaderTests.test_oversized_schema_preflight_precedes_full_sql_text_inventory) ... ok
test_oversized_utf8_scalar_refuses_before_any_values_load (test_common_bank_receipt_reader.ProtectedReceiptReaderTests.test_oversized_utf8_scalar_refuses_before_any_values_load) ... ok
test_partial_singleton_or_wrong_storage_type_refuse_before_load (test_common_bank_receipt_reader.ProtectedReceiptReaderTests.test_partial_singleton_or_wrong_storage_type_refuse_before_load) ... ok
test_positive_actual_complete_read_keeps_exact_bytes_no_sidecars_or_permissions (test_common_bank_receipt_reader.ProtectedReceiptReaderTests.test_positive_actual_complete_read_keeps_exact_bytes_no_sidecars_or_permissions) ... ok
test_root_directory_identity_replacement_at_load_refuses_complete_result (test_common_bank_receipt_reader.ProtectedReceiptReaderTests.test_root_directory_identity_replacement_at_load_refuses_complete_result) ... ok
test_root_permissions_changed_at_guard_exit_refuse_complete_result (test_common_bank_receipt_reader.ProtectedReceiptReaderTests.test_root_permissions_changed_at_guard_exit_refuse_complete_result) ... ok
test_scalar_preflight_precedes_any_snapshot_materialization_and_one_transaction (test_common_bank_receipt_reader.ProtectedReceiptReaderTests.test_scalar_preflight_precedes_any_snapshot_materialization_and_one_transaction) ... ok
test_shared_32m_sql_byte_limit_fails_before_load_with_other_limits_valid (test_common_bank_receipt_reader.ProtectedReceiptReaderTests.test_shared_32m_sql_byte_limit_fails_before_load_with_other_limits_valid) ... ok
test_sql_authorizer_rejects_writes_attach_and_unknown_functions (test_common_bank_receipt_reader.ProtectedReceiptReaderTests.test_sql_authorizer_rejects_writes_attach_and_unknown_functions) ... ok
test_sql_progress_deadline_fails_without_partial_result (test_common_bank_receipt_reader.ProtectedReceiptReaderTests.test_sql_progress_deadline_fails_without_partial_result) ... ok
test_ten_thousand_one_rows_refuse_before_load (test_common_bank_receipt_reader.ProtectedReceiptReaderTests.test_ten_thousand_one_rows_refuse_before_load) ... ok
test_uncooperative_sqlite_writer_on_evidence_or_ledger_blocks_reader (test_common_bank_receipt_reader.ProtectedReceiptReaderTests.test_uncooperative_sqlite_writer_on_evidence_or_ledger_blocks_reader) ... ok
test_unknown_identity_actual_marker_blocks_other_scope (test_common_bank_receipt_reader.ProtectedReceiptReaderTests.test_unknown_identity_actual_marker_blocks_other_scope) ... ok
test_unsafe_root_ledger_lock_and_evidence_permissions_refuse (test_common_bank_receipt_reader.ProtectedReceiptReaderTests.test_unsafe_root_ledger_lock_and_evidence_permissions_refuse) ... ok
test_wal_header_refuses_before_sqlite_open (test_common_bank_receipt_reader.ProtectedReceiptReaderTests.test_wal_header_refuses_before_sqlite_open) ... ok
test_actual_slot_strict_u64_and_malformed_responses_retained_without_summary (test_common_bank_slot_stage.SlotStageTests.test_actual_slot_strict_u64_and_malformed_responses_retained_without_summary) ... ok
test_completion_commit_errors_only_identical_known_observation_can_persist (test_common_bank_slot_stage.SlotStageTests.test_completion_commit_errors_only_identical_known_observation_can_persist) ... ok
test_corrupt_slot_raw_bytes_detected_and_missing_schema_never_remigrates (test_common_bank_slot_stage.SlotStageTests.test_corrupt_slot_raw_bytes_detected_and_missing_schema_never_remigrates) ... ok
test_exact_finalized_request_atomic_charge_raw_completion_and_idempotence (test_common_bank_slot_stage.SlotStageTests.test_exact_finalized_request_atomic_charge_raw_completion_and_idempotence) ... ok
test_explicit_upgrade_preserves_all_genesis_sql_and_original_rows (test_common_bank_slot_stage.SlotStageTests.test_explicit_upgrade_preserves_all_genesis_sql_and_original_rows) ... ok
test_failed_or_ambiguous_genesis_never_transitions (test_common_bank_slot_stage.SlotStageTests.test_failed_or_ambiguous_genesis_never_transitions) ... ok
test_fresh_connections_cannot_replace_delete_update_or_alias_slot_records (test_common_bank_slot_stage.SlotStageTests.test_fresh_connections_cannot_replace_delete_update_or_alias_slot_records) ... ok
test_genesis_predecessor_cannot_be_rebased_even_with_recomputed_parent_hash (test_common_bank_slot_stage.SlotStageTests.test_genesis_predecessor_cannot_be_rebased_even_with_recomputed_parent_hash) ... ok
test_old_v1_requires_explicit_genesis_profile_and_known_genesis_can_finish_after_upgrade (test_common_bank_slot_stage.SlotStageTests.test_old_v1_requires_explicit_genesis_profile_and_known_genesis_can_finish_after_upgrade) ... ok
test_oversized_slot_response_never_validates_or_truncates_positive_prefix (test_common_bank_slot_stage.SlotStageTests.test_oversized_slot_response_never_validates_or_truncates_positive_prefix) ... ok
test_real_death_after_done_commit_preserves_exact_slot (test_common_bank_slot_stage.SlotStageTests.test_real_death_after_done_commit_preserves_exact_slot) ... ok
test_real_death_after_failure_commit_preserves_failed_attempt (test_common_bank_slot_stage.SlotStageTests.test_real_death_after_failure_commit_preserves_failed_attempt) ... ok
test_real_death_after_intent_is_charged_ambiguous_no_new_handle (test_common_bank_slot_stage.SlotStageTests.test_real_death_after_intent_is_charged_ambiguous_no_new_handle) ... ok
test_real_death_before_completion_commit_preserves_terminal_pending (test_common_bank_slot_stage.SlotStageTests.test_real_death_before_completion_commit_preserves_terminal_pending) ... ok
test_real_death_before_intent_commit_rolls_back_charge_and_intent (test_common_bank_slot_stage.SlotStageTests.test_real_death_before_intent_commit_rolls_back_charge_and_intent) ... ok
test_shared_spending_and_lower_bound_never_refund_or_reset (test_common_bank_slot_stage.SlotStageTests.test_shared_spending_and_lower_bound_never_refund_or_reset) ... ok
test_slot_failure_retained_redacted_and_terminal_without_refund (test_common_bank_slot_stage.SlotStageTests.test_slot_failure_retained_redacted_and_terminal_without_refund) ... ok
test_slot_reservation_commit_error_before_and_after_durability_mints_no_handle (test_common_bank_slot_stage.SlotStageTests.test_slot_reservation_commit_error_before_and_after_durability_mints_no_handle) ... ok
test_stale_fence_bad_time_forged_cross_stage_and_expired_handles (test_common_bank_slot_stage.SlotStageTests.test_stale_fence_bad_time_forged_cross_stage_and_expired_handles) ... ok
test_stale_source_and_counter_rewind_do_not_acknowledge_slot (test_common_bank_slot_stage.SlotStageTests.test_stale_source_and_counter_rewind_do_not_acknowledge_slot) ... ok
test_two_processes_race_exactly_one_slot_charge_and_completion (test_common_bank_slot_stage.SlotStageTests.test_two_processes_race_exactly_one_slot_charge_and_completion) ... ok
test_all_fixed_transport_codes_fail_even_on_valid_bodies (test_common_bank_transport_outcomes.TransportOutcomeTests.test_all_fixed_transport_codes_fail_even_on_valid_bodies) ... ok
test_before_and_after_commit_errors_only_identical_outcome_can_persist (test_common_bank_transport_outcomes.TransportOutcomeTests.test_before_and_after_commit_errors_only_identical_outcome_can_persist) ... ok
test_explicit_profile_preserves_all_v1_rows_sql_and_counters_no_downgrade (test_common_bank_transport_outcomes.TransportOutcomeTests.test_explicit_profile_preserves_all_v1_rows_sql_and_counters_no_downgrade) ... ok
test_install_refuses_incomplete_profiles_without_initialization_or_charge (test_common_bank_transport_outcomes.TransportOutcomeTests.test_install_refuses_incomplete_profiles_without_initialization_or_charge) ... ok
test_invalid_outcome_type_binding_code_or_overcap_body_never_persists (test_common_bank_transport_outcomes.TransportOutcomeTests.test_invalid_outcome_type_binding_code_or_overcap_body_never_persists) ... ok
test_missing_empty_and_unobserved_oversized_bodies_stay_distinct (test_common_bank_transport_outcomes.TransportOutcomeTests.test_missing_empty_and_unobserved_oversized_bodies_stay_distinct) ... ok
test_old_binary_refuses_new_marker_and_downgraded_v2_records (test_common_bank_transport_outcomes.TransportOutcomeTests.test_old_binary_refuses_new_marker_and_downgraded_v2_records) ... ok
test_process_death_retains_terminal_charged_pending_or_failed_original (test_common_bank_transport_outcomes.TransportOutcomeTests.test_process_death_retains_terminal_charged_pending_or_failed_original) ... ok
test_profile_transition_commit_failure_is_atomic_and_does_not_charge (test_common_bank_transport_outcomes.TransportOutcomeTests.test_profile_transition_commit_failure_is_atomic_and_does_not_charge) ... ok
test_rehashed_done_forgery_with_transport_failure_refuses_all_stage_audits (test_common_bank_transport_outcomes.TransportOutcomeTests.test_rehashed_done_forgery_with_transport_failure_refuses_all_stage_audits) ... ok
test_shared18_exhaustion_does_not_refund_or_drop_reserved_completion (test_common_bank_transport_outcomes.TransportOutcomeTests.test_shared18_exhaustion_does_not_refund_or_drop_reserved_completion) ... ok
test_successful_mixed_chain_replay_remains_diagnostic_and_read_only (test_common_bank_transport_outcomes.TransportOutcomeTests.test_successful_mixed_chain_replay_remains_diagnostic_and_read_only) ... ok
test_upgrade_cannot_recover_an_old_terminal_pending_capability (test_common_bank_transport_outcomes.TransportOutcomeTests.test_upgrade_cannot_recover_an_old_terminal_pending_capability) ... ok
test_valid_looking_truncated_body_all_stages_failed_exact_bytes_and_no_values (test_common_bank_transport_outcomes.TransportOutcomeTests.test_valid_looking_truncated_body_all_stages_failed_exact_bytes_and_no_values) ... ok
test_completion_commit_errors_preserve_only_identical_known_observation (test_common_bank_union_stage.UnionStageTests.test_completion_commit_errors_preserve_only_identical_known_observation) ... ok
test_context_cardinality_encoding_owner_layout_and_metadata_adversarial (test_common_bank_union_stage.UnionStageTests.test_context_cardinality_encoding_owner_layout_and_metadata_adversarial) ... ok
test_explicit_additive_install_preserves_original_sql_rows_and_bytes (test_common_bank_union_stage.UnionStageTests.test_explicit_additive_install_preserves_original_sql_rows_and_bytes) ... ok
test_failed_or_ambiguous_slot_and_unsupported_floor_cannot_transition (test_common_bank_union_stage.UnionStageTests.test_failed_or_ambiguous_slot_and_unsupported_floor_cannot_transition) ... ok
test_forged_summary_stale_fence_cross_stage_and_reopened_handle_rejected (test_common_bank_union_stage.UnionStageTests.test_forged_summary_stale_fence_cross_stage_and_reopened_handle_rejected) ... ok
test_fresh_sqlite_replace_rowid_deletion_and_corrupt_original_bytes_rejected (test_common_bank_union_stage.UnionStageTests.test_fresh_sqlite_replace_rowid_deletion_and_corrupt_original_bytes_rejected) ... ok
test_missing_profile_metadata_and_rehashed_slot_predecessor_never_rebind (test_common_bank_union_stage.UnionStageTests.test_missing_profile_metadata_and_rehashed_slot_predecessor_never_rebind) ... ok
test_null_extra_holder_retained_without_zero_or_closure_claim (test_common_bank_union_stage.UnionStageTests.test_null_extra_holder_retained_without_zero_or_closure_claim) ... ok
test_original_full_union_request_response_t_above_floor_no_slices_or_approval (test_common_bank_union_stage.UnionStageTests.test_original_full_union_request_response_t_above_floor_no_slices_or_approval) ... ok
test_positive_prefix_oversize_never_accepted (test_common_bank_union_stage.UnionStageTests.test_positive_prefix_oversize_never_accepted) ... ok
test_raw_utf8_under_wire_cap_but_over_canonical_parent_cap_is_retained_failed (test_common_bank_union_stage.UnionStageTests.test_raw_utf8_under_wire_cap_but_over_canonical_parent_cap_is_retained_failed) ... ok
test_real_death_after_completion_preserves_actual_t_and_floor (test_common_bank_union_stage.UnionStageTests.test_real_death_after_completion_preserves_actual_t_and_floor) ... ok
test_real_death_after_failure_preserves_redacted_observation (test_common_bank_union_stage.UnionStageTests.test_real_death_after_failure_preserves_redacted_observation) ... ok
test_real_death_after_intent_is_terminal_charged_no_retry (test_common_bank_union_stage.UnionStageTests.test_real_death_after_intent_is_terminal_charged_no_retry) ... ok
test_real_death_before_completion_commit_keeps_terminal_pending (test_common_bank_union_stage.UnionStageTests.test_real_death_before_completion_commit_keeps_terminal_pending) ... ok
test_real_death_before_intent_commit_rolls_back_counter_and_intent (test_common_bank_union_stage.UnionStageTests.test_real_death_before_intent_commit_rolls_back_counter_and_intent) ... ok
test_stale_source_and_counter_rewind_cannot_acknowledge_union (test_common_bank_union_stage.UnionStageTests.test_stale_source_and_counter_rewind_cannot_acknowledge_union) ... ok
test_transport_failure_bound_to_full_original_request_no_refund (test_common_bank_union_stage.UnionStageTests.test_transport_failure_bound_to_full_original_request_no_refund) ... ok
test_two_process_race_one_union_charge_and_attachment (test_common_bank_union_stage.UnionStageTests.test_two_process_race_one_union_charge_and_attachment) ... ok
test_wrong_id_duplicate_fields_error_and_nonobject_framing_preserved (test_common_bank_union_stage.UnionStageTests.test_wrong_id_duplicate_fields_error_and_nonobject_framing_preserved) ... ok
test_account_copy_cannot_mutate_original_or_cached_view (test_common_bank_view.CommonBankViewTests.test_account_copy_cannot_mutate_original_or_cached_view) ... ok
test_actual_later_bank_not_relabelled_as_floor_or_complete_frontier (test_common_bank_view.CommonBankViewTests.test_actual_later_bank_not_relabelled_as_floor_or_complete_frontier) ... ok
test_changed_order_extra_key_and_missing_raw_value_reject (test_common_bank_view.CommonBankViewTests.test_changed_order_extra_key_and_missing_raw_value_reject) ... ok
test_clock_bool_and_manifest_slot_bool_equality_reject (test_common_bank_view.CommonBankViewTests.test_clock_bool_and_manifest_slot_bool_equality_reject) ... ok
test_delegate_close_authority_and_holder_owner_rejected (test_common_bank_view.CommonBankViewTests.test_delegate_close_authority_and_holder_owner_rejected) ... ok
test_discovery_summary_cannot_override_raw_request_and_pages (test_common_bank_view.CommonBankViewTests.test_discovery_summary_cannot_override_raw_request_and_pages) ... ok
test_existing_v1_reader_stays_strict_no_sliced_response_saved (test_common_bank_view.CommonBankViewTests.test_existing_v1_reader_stays_strict_no_sliced_response_saved) ... ok
test_floor_slot_clock_commitment_and_method_types_reject (test_common_bank_view.CommonBankViewTests.test_floor_slot_clock_commitment_and_method_types_reject) ... ok
test_forged_frontier_completeness_summary_is_not_input (test_common_bank_view.CommonBankViewTests.test_forged_frontier_completeness_summary_is_not_input) ... ok
test_genesis_and_source_request_manifest_not_invented (test_common_bank_view.CommonBankViewTests.test_genesis_and_source_request_manifest_not_invented) ... ok
test_mint_authority_and_vault_delegate_rejected (test_common_bank_view.CommonBankViewTests.test_mint_authority_and_vault_delegate_rejected) ... ok
test_mismatched_raw_request_hash_is_rejected (test_common_bank_view.CommonBankViewTests.test_mismatched_raw_request_hash_is_rejected) ... ok
test_missing_raw_discovery_page_is_unavailable (test_common_bank_view.CommonBankViewTests.test_missing_raw_discovery_page_is_unavailable) ... ok
test_null_holder_retains_frontier_and_does_not_assert_closed_or_zero (test_common_bank_view.CommonBankViewTests.test_null_holder_retains_frontier_and_does_not_assert_closed_or_zero) ... ok
test_null_required_pool_account_rejected (test_common_bank_view.CommonBankViewTests.test_null_required_pool_account_rejected) ... ok
test_omitted_duplicated_and_bool_role_indices_reject (test_common_bank_view.CommonBankViewTests.test_omitted_duplicated_and_bool_role_indices_reject) ... ok
test_positive_original_parent_indices_raw_identity_no_writes_and_false_permissions (test_common_bank_view.CommonBankViewTests.test_positive_original_parent_indices_raw_identity_no_writes_and_false_permissions) ... ok
test_raw_discovery_100_and_101_union_boundary (test_common_bank_view.CommonBankViewTests.test_raw_discovery_100_and_101_union_boundary) ... ok
test_shared_cache_limits_and_manifest_resource_refuse_without_partial_view (test_common_bank_view.CommonBankViewTests.test_shared_cache_limits_and_manifest_resource_refuse_without_partial_view) ... ok
test_token2022_holder_and_mint_rejected (test_common_bank_view.CommonBankViewTests.test_token2022_holder_and_mint_rejected) ... ok
test_unknown_pool_layout_and_nonzero_reserved_capacity_reject (test_common_bank_view.CommonBankViewTests.test_unknown_pool_layout_and_nonzero_reserved_capacity_reject) ... ok
test_wrong_holder_mint_and_owner_rejected (test_common_bank_view.CommonBankViewTests.test_wrong_holder_mint_and_owner_rejected) ... ok
test_wrong_vault_authority_rejected (test_common_bank_view.CommonBankViewTests.test_wrong_vault_authority_rejected) ... ok
test_boolean_request_slots_are_not_integer_aliases (test_common_bank_view.PortableCommonBankBoundaryTests.test_boolean_request_slots_are_not_integer_aliases) ... ok
test_requires_shared_readonly_view_before_any_load (test_common_bank_view.PortableCommonBankBoundaryTests.test_requires_shared_readonly_view_before_any_load) ... ok
test_missing_lookup_response_rejected (test_compile.CompileTests.test_missing_lookup_response_rejected) ... ok
test_null_signature_and_resolved_keys (test_compile.CompileTests.test_null_signature_and_resolved_keys) ... ok
test_packet_budget_rejected (test_compile.CompileTests.test_packet_budget_rejected) ... ok
test_tip_rejected (test_compile.CompileTests.test_tip_rejected) ... ok
test_unexpected_signer_rejected (test_compile.CompileTests.test_unexpected_signer_rejected) ... ok
test_wrong_lookup_owner_rejected (test_compile.CompileTests.test_wrong_lookup_owner_rejected) ... ok
test_conflicting_program_or_fabricated_parsed_fields_rejected (test_compiled_account_keys.CompiledAccountKeysTests.test_conflicting_program_or_fabricated_parsed_fields_rejected) ... ok
test_cpi_does_not_acquire_signer_privileges (test_compiled_account_keys.CompiledAccountKeysTests.test_cpi_does_not_acquire_signer_privileges) ... ok
test_duplicate_or_invalid_static_keys (test_compiled_account_keys.CompiledAccountKeysTests.test_duplicate_or_invalid_static_keys) ... ok
test_empty_compiled_keys_rejected_but_existing_empty_parsed_view_preserved (test_compiled_account_keys.CompiledAccountKeysTests.test_empty_compiled_keys_rejected_but_existing_empty_parsed_view_preserved) ... ok
test_header_counts_must_fit_message_byte_width (test_compiled_account_keys.CompiledAccountKeysTests.test_header_counts_must_fit_message_byte_width) ... ok
test_key_limit_and_boolean_version_do_not_pass_integer_checks (test_compiled_account_keys.CompiledAccountKeysTests.test_key_limit_and_boolean_version_do_not_pass_integer_checks) ... ok
test_legacy_header_privileges_raw_bytes_unchanged (test_compiled_account_keys.CompiledAccountKeysTests.test_legacy_header_privileges_raw_bytes_unchanged) ... ok
test_loaded_count_shape_duplicate_and_static_collision (test_compiled_account_keys.CompiledAccountKeysTests.test_loaded_count_shape_duplicate_and_static_collision) ... ok
test_loaded_token_balance_indices_resolved (test_compiled_account_keys.CompiledAccountKeysTests.test_loaded_token_balance_indices_resolved) ... ok
test_lookup_indices_and_descriptor_inconsistencies (test_compiled_account_keys.CompiledAccountKeysTests.test_lookup_indices_and_descriptor_inconsistencies) ... ok
test_malformed_header_counts_rejected (test_compiled_account_keys.CompiledAccountKeysTests.test_malformed_header_counts_rejected) ... ok
test_program_account_and_inner_parent_indices_strict (test_compiled_account_keys.CompiledAccountKeysTests.test_program_account_and_inner_parent_indices_strict) ... ok
test_raw_token_control_remains_unknown_not_a_parsed_authority_witness (test_compiled_account_keys.CompiledAccountKeysTests.test_raw_token_control_remains_unknown_not_a_parsed_authority_witness) ... ok
test_signature_header_count_mismatch (test_compiled_account_keys.CompiledAccountKeysTests.test_signature_header_count_mismatch) ... ok
test_token_balance_indices_and_duplicate_inner_groups_rejected (test_compiled_account_keys.CompiledAccountKeysTests.test_token_balance_indices_and_duplicate_inner_groups_rejected) ... ok
test_unknown_or_absent_compiled_version_rejected (test_compiled_account_keys.CompiledAccountKeysTests.test_unknown_or_absent_compiled_version_rejected) ... ok
test_v0_loaded_order_no_signers_or_parsed_token_history (test_compiled_account_keys.CompiledAccountKeysTests.test_v0_loaded_order_no_signers_or_parsed_token_history) ... ok
test_zero_lookup_v0_and_legacy_without_loaded_metadata (test_compiled_account_keys.CompiledAccountKeysTests.test_zero_lookup_v0_and_legacy_without_loaded_metadata) ... ok
test_caller_flags_are_ignored_and_reference_is_resolved_from_store (test_continuation_entry_evidence.ContinuationEntryEvidenceTests.test_caller_flags_are_ignored_and_reference_is_resolved_from_store) ... ok
test_concurrent_consumers_record_one_revision (test_continuation_entry_evidence.ContinuationEntryEvidenceTests.test_concurrent_consumers_record_one_revision) ... ok
test_cross_scan_cross_mint_and_rehashed_source_are_rejected (test_continuation_entry_evidence.ContinuationEntryEvidenceTests.test_cross_scan_cross_mint_and_rehashed_source_are_rejected) ... ok
test_forged_persisted_summary_does_not_override_bad_raw_bank (test_continuation_entry_evidence.ContinuationEntryEvidenceTests.test_forged_persisted_summary_does_not_override_bad_raw_bank) ... ok
test_head_changes_during_replay_use_captured_revision_then_new_revision (test_continuation_entry_evidence.ContinuationEntryEvidenceTests.test_head_changes_during_replay_use_captured_revision_then_new_revision) ... ok
test_invalid_revision_gets_own_journal_row_without_overwriting_valid_revision (test_continuation_entry_evidence.ContinuationEntryEvidenceTests.test_invalid_revision_gets_own_journal_row_without_overwriting_valid_revision) ... ok
test_missing_and_tampered_request_raw_page_and_bank_are_blocked (test_continuation_entry_evidence.ContinuationEntryEvidenceTests.test_missing_and_tampered_request_raw_page_and_bank_are_blocked) ... ok
test_missing_wrong_source_overbudget_or_undercharged_accounting_rejected (test_continuation_entry_evidence.ContinuationEntryEvidenceTests.test_missing_wrong_source_overbudget_or_undercharged_accounting_rejected) ... ok
test_new_hash_cannot_rebind_canonical_bank_or_clock (test_continuation_entry_evidence.ContinuationEntryEvidenceTests.test_new_hash_cannot_rebind_canonical_bank_or_clock) ... ok
test_new_policy_keeps_previous_policy_and_original_decision (test_continuation_entry_evidence.ContinuationEntryEvidenceTests.test_new_policy_keeps_previous_policy_and_original_decision) ... ok
test_no_summary_or_unpersisted_progress_can_verify_component (test_continuation_entry_evidence.ContinuationEntryEvidenceTests.test_no_summary_or_unpersisted_progress_can_verify_component) ... ok
test_partial_bank_does_not_verify_and_next_revision_preserves_original (test_continuation_entry_evidence.ContinuationEntryEvidenceTests.test_partial_bank_does_not_verify_and_next_revision_preserves_original) ... ok
test_progress_source_fields_and_noncanonical_hash_rejected (test_continuation_entry_evidence.ContinuationEntryEvidenceTests.test_progress_source_fields_and_noncanonical_hash_rejected) ... ok
test_real_persisted_fixture_verifies_only_history_snapshot_component (test_continuation_entry_evidence.ContinuationEntryEvidenceTests.test_real_persisted_fixture_verifies_only_history_snapshot_component) ... ok
test_rehashed_query_cutoff_and_unbound_job_rejected (test_continuation_entry_evidence.ContinuationEntryEvidenceTests.test_rehashed_query_cutoff_and_unbound_job_rejected) ... ok
test_stale_original_observation_remains_stale_after_successful_component (test_continuation_entry_evidence.ContinuationEntryEvidenceTests.test_stale_original_observation_remains_stale_after_successful_component) ... ok
test_wrong_canonical_slot_clock_or_finality_fails_raw_replay (test_continuation_entry_evidence.ContinuationEntryEvidenceTests.test_wrong_canonical_slot_clock_or_finality_fails_raw_replay) ... ok
test_close_and_later_recreate_can_be_witnessed (test_continuity.ContinuityTests.test_close_and_later_recreate_can_be_witnessed) ... ok
test_continuous_lifetime_does_not_grant_complete_history (test_continuity.ContinuityTests.test_continuous_lifetime_does_not_grant_complete_history) ... ok
test_duplicate_records_rejected (test_continuity.ContinuityTests.test_duplicate_records_rejected) ... ok
test_failed_transaction_cannot_bridge_gap (test_continuity.ContinuityTests.test_failed_transaction_cannot_bridge_gap) ... ok
test_history_without_birth_is_unknown (test_continuity.ContinuityTests.test_history_without_birth_is_unknown) ... ok
test_individually_balanced_transactions_can_hide_gap (test_continuity.ContinuityTests.test_individually_balanced_transactions_can_hide_gap) ... ok
test_missing_reopen_is_unknown (test_continuity.ContinuityTests.test_missing_reopen_is_unknown) ... ok
test_owner_changed_between_records_rejected (test_continuity.ContinuityTests.test_owner_changed_between_records_rejected) ... ok
test_same_slot_does_not_sort_by_signature (test_continuity.ContinuityTests.test_same_slot_does_not_sort_by_signature) ... ok
test_transient_account_retained (test_continuity.ContinuityTests.test_transient_account_retained) ... ok
test_unknown_owner_rejected (test_continuity.ContinuityTests.test_unknown_owner_rejected) ... ok
test_actual_module_cli_new_policy_and_missing_listen_no_creation (test_continuous_discovery.DiscoveryTests.test_actual_module_cli_new_policy_and_missing_listen_no_creation) ... ok
test_actual_original_dedup_conflict_bytes_and_decoder_intake (test_continuous_discovery.DiscoveryTests.test_actual_original_dedup_conflict_bytes_and_decoder_intake) ... ok
test_ambiguous_old_connect_recovered_attempt_remains_charged_current_hour (test_continuous_discovery.DiscoveryTests.test_ambiguous_old_connect_recovered_attempt_remains_charged_current_hour) ... ok
test_clock_nan_subsecond_rollback_block_without_writes (test_continuous_discovery.DiscoveryTests.test_clock_nan_subsecond_rollback_block_without_writes) ... ok
test_commit_failure_keeps_reservation_and_rolls_back_raw (test_continuous_discovery.DiscoveryTests.test_commit_failure_keeps_reservation_and_rolls_back_raw) ... ok
test_completed_duplicate_cannot_survive_missing_original_as_healthy (test_continuous_discovery.DiscoveryTests.test_completed_duplicate_cannot_survive_missing_original_as_healthy) ... ok
test_existing_paper_ledger_reopens_without_fingerprint_adoption (test_continuous_discovery.DiscoveryTests.test_existing_paper_ledger_reopens_without_fingerprint_adoption) ... ok
test_failed_attempt_partial_restore_cannot_erase_charge_with_metadata_retained (test_continuous_discovery.DiscoveryTests.test_failed_attempt_partial_restore_cannot_erase_charge_with_metadata_retained) ... ok
test_failed_receive_full_charges_byte_limit_and_no_reset (test_continuous_discovery.DiscoveryTests.test_failed_receive_full_charges_byte_limit_and_no_reset) ... ok
test_immutable_policy_change_preserves_used_and_originals (test_continuous_discovery.DiscoveryTests.test_immutable_policy_change_preserves_used_and_originals) ... ok
test_malformed_duplicate_keys_and_oversize_no_prefix_acceptance (test_continuous_discovery.DiscoveryTests.test_malformed_duplicate_keys_and_oversize_no_prefix_acceptance) ... ok
test_missing_invalid_existing_database_never_initialized (test_continuous_discovery.DiscoveryTests.test_missing_invalid_existing_database_never_initialized) ... ok
test_partial_restore_missing_raw_never_reconstructs_from_frame (test_continuous_discovery.DiscoveryTests.test_partial_restore_missing_raw_never_reconstructs_from_frame) ... ok
test_partial_restore_retained_raw_cannot_reset_charged_accounting (test_continuous_discovery.DiscoveryTests.test_partial_restore_retained_raw_cannot_reset_charged_accounting) ... ok
test_plain_connection_replace_identity_aliases_rejected (test_continuous_discovery.DiscoveryTests.test_plain_connection_replace_identity_aliases_rejected) ... ok
test_process_death_after_commit_preserves_original_without_double_charge (test_continuous_discovery.DiscoveryTests.test_process_death_after_commit_preserves_original_without_double_charge) ... ok
test_process_death_before_receive_charged_at_restart (test_continuous_discovery.DiscoveryTests.test_process_death_before_receive_charged_at_restart) ... ok
test_reconnect_attempt_limit_survives_restart (test_continuous_discovery.DiscoveryTests.test_reconnect_attempt_limit_survives_restart) ... ok
test_restored_raw_timestamp_cannot_claim_freshness_against_original_receipt (test_continuous_discovery.DiscoveryTests.test_restored_raw_timestamp_cannot_claim_freshness_against_original_receipt) ... ok
test_single_worker_and_aliases (test_continuous_discovery.DiscoveryTests.test_single_worker_and_aliases) ... ok
test_storage_sidecars_and_wal_mode_stop_no_pruning (test_continuous_discovery.DiscoveryTests.test_storage_sidecars_and_wal_mode_stop_no_pruning) ... ok
test_twenty_stored_or_byte_cap_survive_restart (test_continuous_discovery.DiscoveryTests.test_twenty_stored_or_byte_cap_survive_restart) ... ok
test_failing_connector_backoff_budget_durable_no_secret_output (test_continuous_discovery.ListeningTests.test_failing_connector_backoff_budget_durable_no_secret_output) ... ok
test_idle_preserves_connection_backpressure_and_original_delivery (test_continuous_discovery.ListeningTests.test_idle_preserves_connection_backpressure_and_original_delivery) ... ok
test_real_websocket_non_oversize_failure_still_retries_bounded (test_continuous_discovery.ListeningTests.test_real_websocket_non_oversize_failure_still_retries_bounded) ... ok
test_real_websocket_oversize_stops_and_keeps_charge_on_restart (test_continuous_discovery.ListeningTests.test_real_websocket_oversize_stops_and_keeps_charge_on_restart) ... ok
test_budget_mismatch_cannot_be_replaced_by_summary_counter (test_control_obligations.ControlObligationsTests.test_budget_mismatch_cannot_be_replaced_by_summary_counter) ... ok
test_foreign_source_and_cross_mint_are_unbound_even_rehashed (test_control_obligations.ControlObligationsTests.test_foreign_source_and_cross_mint_are_unbound_even_rehashed) ... ok
test_forged_summary_cannot_discharge_stronger_obligations (test_control_obligations.ControlObligationsTests.test_forged_summary_cannot_discharge_stronger_obligations) ... ok
test_guard_keeps_revision_and_budget_stable_across_sqlite_connection_closes (test_control_obligations.ControlObligationsTests.test_guard_keeps_revision_and_budget_stable_across_sqlite_connection_closes) ... ok
test_later_t_not_birth_s_and_mismatched_history_cutoff_blocks_accounting (test_control_obligations.ControlObligationsTests.test_later_t_not_birth_s_and_mismatched_history_cutoff_blocks_accounting) ... ok
test_missing_account_query_and_forged_hash_leave_accounting_unknown (test_control_obligations.ControlObligationsTests.test_missing_account_query_and_forged_hash_leave_accounting_unknown) ... ok
test_missing_and_tampered_raw_pages_fail_closed (test_control_obligations.ControlObligationsTests.test_missing_and_tampered_raw_pages_fail_closed) ... ok
test_missing_frontier_cannot_be_hidden_by_reconciled_summary (test_control_obligations.ControlObligationsTests.test_missing_frontier_cannot_be_hidden_by_reconciled_summary) ... ok
test_resource_ceiling_and_foreign_head_fail_closed (test_control_obligations.ControlObligationsTests.test_resource_ceiling_and_foreign_head_fail_closed) ... ok
test_stale_observation_keeps_historical_components_but_no_refresh (test_control_obligations.ControlObligationsTests.test_stale_observation_keeps_historical_components_but_no_refresh) ... ok
test_tampered_content_under_original_hash_not_accepted (test_control_obligations.ControlObligationsTests.test_tampered_content_under_original_hash_not_accepted) ... ok
test_thirteen_request_components_exact_hashes_original_age_and_no_writes (test_control_obligations.ControlObligationsTests.test_thirteen_request_components_exact_hashes_original_age_and_no_writes) ... ok
test_token2022_endpoint_never_promoted (test_control_obligations.ControlObligationsTests.test_token2022_endpoint_never_promoted) ... ok
test_transient_approve_revoke_blocks_accounting_despite_clean_endpoint (test_control_obligations.ControlObligationsTests.test_transient_approve_revoke_blocks_accounting_despite_clean_endpoint) ... ok
test_wal_rejected_without_sidecar_creation_or_hidden_wal_snapshot (test_control_obligations.ControlObligationsTests.test_wal_rejected_without_sidecar_creation_or_hidden_wal_snapshot) ... ok
test_zero_allowance_active_delegate_is_not_clean_endpoint (test_control_obligations.ControlObligationsTests.test_zero_allowance_active_delegate_is_not_clean_endpoint) ... ok
test_failed_lock_capability_never_falls_back_to_database_read (test_control_obligations.PortableControlBoundaryTests.test_failed_lock_capability_never_falls_back_to_database_read) ... ok
test_hash_and_resource_checks_are_portable_and_cache_copies_are_isolated (test_control_obligations.PortableControlBoundaryTests.test_hash_and_resource_checks_are_portable_and_cache_copies_are_isolated) ... ok
test_unsupported_platform_missing_paths_do_not_create_files (test_control_obligations.PortableControlBoundaryTests.test_unsupported_platform_missing_paths_do_not_create_files) ... ok
test_unsupported_platforms_do_not_open_resolve_or_modify_databases (test_control_obligations.PortableControlBoundaryTests.test_unsupported_platforms_do_not_open_resolve_or_modify_databases) ... ok
test_sealed_source_projects_only_when_exact_persisted_binding_replays (test_control_obligations.SealedControlObligationsTests.test_sealed_source_projects_only_when_exact_persisted_binding_replays) ... ok
test_active_wal_committed_evidence_not_ignored_or_mutated (test_coordinator_capture_cli.CoordinatorCaptureCLITests.test_active_wal_committed_evidence_not_ignored_or_mutated) ... ok
test_alias_hardlink_unsafe_permissions_and_sidecar_symlink_block_before_io (test_coordinator_capture_cli.CoordinatorCaptureCLITests.test_alias_hardlink_unsafe_permissions_and_sidecar_symlink_block_before_io) ... ok
test_canonical_signature_rebinding_cannot_create_second_claim (test_coordinator_capture_cli.CoordinatorCaptureCLITests.test_canonical_signature_rebinding_cannot_create_second_claim) ... ok
test_closed_wal_missing_wrong_and_valid_binding_never_open_sqlite_or_mutate (test_coordinator_capture_cli.CoordinatorCaptureCLITests.test_closed_wal_missing_wrong_and_valid_binding_never_open_sqlite_or_mutate) ... ok
test_durable_claim_before_reservation_death_replays_pending (test_coordinator_capture_cli.CoordinatorCaptureCLITests.test_durable_claim_before_reservation_death_replays_pending) ... ok
test_exhausted_budget_refusal_replay_no_reset_or_provider (test_coordinator_capture_cli.CoordinatorCaptureCLITests.test_exhausted_budget_refusal_replay_no_reset_or_provider) ... ok
test_existing_rollback_journal_blocks_before_sqlite_open (test_coordinator_capture_cli.CoordinatorCaptureCLITests.test_existing_rollback_journal_blocks_before_sqlite_open) ... ok
test_failed_terminal_journal_stays_pending_and_charged_no_recapture (test_coordinator_capture_cli.CoordinatorCaptureCLITests.test_failed_terminal_journal_stays_pending_and_charged_no_recapture) ... ok
test_invalid_arguments_no_database_creation_or_dynamic_error_text (test_coordinator_capture_cli.CoordinatorCaptureCLITests.test_invalid_arguments_no_database_creation_or_dynamic_error_text) ... ok
test_missing_database_and_missing_foundation_never_created (test_coordinator_capture_cli.CoordinatorCaptureCLITests.test_missing_database_and_missing_foundation_never_created) ... ok
test_missing_wrong_scan_descriptor_mint_and_invalid_signature_no_writes (test_coordinator_capture_cli.CoordinatorCaptureCLITests.test_missing_wrong_scan_descriptor_mint_and_invalid_signature_no_writes) ... ok
test_null_capture_rejected_without_fabrication_or_retry (test_coordinator_capture_cli.CoordinatorCaptureCLITests.test_null_capture_rejected_without_fabrication_or_retry) ... ok
test_partial_journal_loss_not_repaired_or_recaptured (test_coordinator_capture_cli.CoordinatorCaptureCLITests.test_partial_journal_loss_not_repaired_or_recaptured) ... ok
test_preflight_guard_blocks_writer_and_mode_transition_across_sqlite_close (test_coordinator_capture_cli.CoordinatorCaptureCLITests.test_preflight_guard_blocks_writer_and_mode_transition_across_sqlite_close) ... ok
test_provider_failure_sanitized_charged_once_and_replayed (test_coordinator_capture_cli.CoordinatorCaptureCLITests.test_provider_failure_sanitized_charged_once_and_replayed) ... ok
test_rollback_writer_in_progress_blocks_without_writes (test_coordinator_capture_cli.CoordinatorCaptureCLITests.test_rollback_writer_in_progress_blocks_without_writes) ... ok
test_seventeenth_existing_attempt_leaves_only_one_diagnostic_charge (test_coordinator_capture_cli.CoordinatorCaptureCLITests.test_seventeenth_existing_attempt_leaves_only_one_diagnostic_charge) ... ok
test_success_replay_and_original_admission_preserved (test_coordinator_capture_cli.CoordinatorCaptureCLITests.test_success_replay_and_original_admission_preserved) ... ok
test_unsupported_lock_fails_closed_without_sqlite_fallback (test_coordinator_capture_cli.CoordinatorCaptureCLITests.test_unsupported_lock_fails_closed_without_sqlite_fallback) ... ok
test_import_help_and_argument_error_no_db_or_network (test_coordinator_capture_cli.CoordinatorCaptureHelpTests.test_import_help_and_argument_error_no_db_or_network) ... ok
test_all_four_methods_and_local_invocation_credential_rotation (test_coordinator_rpc.CoordinatorRPCTests.test_all_four_methods_and_local_invocation_credential_rotation) ... ok
test_all_redirect_codes_rejected_without_second_request (test_coordinator_rpc.CoordinatorRPCTests.test_all_redirect_codes_rejected_without_second_request) ... ok
test_allowlist_and_bound_params_fail_before_key_or_network (test_coordinator_rpc.CoordinatorRPCTests.test_allowlist_and_bound_params_fail_before_key_or_network) ... ok
test_envelope_version_id_result_and_error_shapes (test_coordinator_rpc.CoordinatorRPCTests.test_envelope_version_id_result_and_error_shapes) ... ok
test_exact_response_byte_ceiling_is_supported_and_body_budget_is_authoritative (test_coordinator_rpc.CoordinatorRPCTests.test_exact_response_byte_ceiling_is_supported_and_body_budget_is_authoritative) ... ok
test_fixed_source_descriptor_not_candidate_supplied_or_mutable (test_coordinator_rpc.CoordinatorRPCTests.test_fixed_source_descriptor_not_candidate_supplied_or_mutable) ... ok
test_http_errors_and_non_success_never_retry (test_coordinator_rpc.CoordinatorRPCTests.test_http_errors_and_non_success_never_retry) ... ok
test_invalid_json_utf8_duplicates_and_constants_rejected (test_coordinator_rpc.CoordinatorRPCTests.test_invalid_json_utf8_duplicates_and_constants_rejected) ... ok
test_malformed_url_and_response_header_errors_are_sanitized (test_coordinator_rpc.CoordinatorRPCTests.test_malformed_url_and_response_header_errors_are_sanitized) ... ok
test_missing_bad_credentials_do_not_open_or_store_key (test_coordinator_rpc.CoordinatorRPCTests.test_missing_bad_credentials_do_not_open_or_store_key) ... ok
test_one_post_fixed_endpoint_timeout_and_rpc_identity (test_coordinator_rpc.CoordinatorRPCTests.test_one_post_fixed_endpoint_timeout_and_rpc_identity) ... ok
test_open_failures_no_retry_no_secret_in_error_chain (test_coordinator_rpc.CoordinatorRPCTests.test_open_failures_no_retry_no_secret_in_error_chain) ... ok
test_read_failure_is_single_attempt_and_closes_response (test_coordinator_rpc.CoordinatorRPCTests.test_read_failure_is_single_attempt_and_closes_response) ... ok
test_response_read_bound_oversize_lengths_encoding_and_truncation (test_coordinator_rpc.CoordinatorRPCTests.test_response_read_bound_oversize_lengths_encoding_and_truncation) ... ok
test_canonical_sixty_four_byte_signature_boundaries (test_coordinator_transaction_rpc.CoordinatorTransactionRPCTests.test_canonical_sixty_four_byte_signature_boundaries) ... ok
test_exact_finalized_request_single_post_and_raw_result (test_coordinator_transaction_rpc.CoordinatorTransactionRPCTests.test_exact_finalized_request_single_post_and_raw_result) ... ok
test_exact_parameter_container_and_options_no_extras_or_omissions (test_coordinator_transaction_rpc.CoordinatorTransactionRPCTests.test_exact_parameter_container_and_options_no_extras_or_omissions) ... ok
test_invalid_signature_alphabet_size_and_types_fail_before_io (test_coordinator_transaction_rpc.CoordinatorTransactionRPCTests.test_invalid_signature_alphabet_size_and_types_fail_before_io) ... ok
test_null_failed_cross_signature_and_opaque_result_are_unchanged (test_coordinator_transaction_rpc.CoordinatorTransactionRPCTests.test_null_failed_cross_signature_and_opaque_result_are_unchanged) ... ok
test_source_descriptor_unchanged_no_new_candidate_authority (test_coordinator_transaction_rpc.CoordinatorTransactionRPCTests.test_source_descriptor_unchanged_no_new_candidate_authority) ... ok
test_transaction_byte_limit_and_json_failures_still_reject (test_coordinator_transaction_rpc.CoordinatorTransactionRPCTests.test_transaction_byte_limit_and_json_failures_still_reject) ... ok
test_transaction_errors_no_retry_and_sanitized (test_coordinator_transaction_rpc.CoordinatorTransactionRPCTests.test_transaction_errors_no_retry_and_sanitized) ... ok
test_transaction_redirects_never_issue_second_request (test_coordinator_transaction_rpc.CoordinatorTransactionRPCTests.test_transaction_redirects_never_issue_second_request) ... ok
test_all_slots_overflow_coordinator_reproduction (test_create_v2_lifecycle.CreateV2LifecycleTests.test_all_slots_overflow_coordinator_reproduction) ... ok
test_ata_extra_child_wrong_owner_allocation_or_program (test_create_v2_lifecycle.CreateV2LifecycleTests.test_ata_extra_child_wrong_owner_allocation_or_program) ... ok
test_buy_exact_schema_extra_accounts_suffix_or_wrong_base_binding (test_create_v2_lifecycle.CreateV2LifecycleTests.test_buy_exact_schema_extra_accounts_suffix_or_wrong_base_binding) ... ok
test_context_signature_missing_coordinator_reproduction (test_create_v2_lifecycle.CreateV2LifecycleTests.test_context_signature_missing_coordinator_reproduction) ... ok
test_create_event_binding_complete_schema_required (test_create_v2_lifecycle.CreateV2LifecycleTests.test_create_event_binding_complete_schema_required) ... ok
test_direct_parent_cannot_be_replaced_by_outer_prefix (test_create_v2_lifecycle.CreateV2LifecycleTests.test_direct_parent_cannot_be_replaced_by_outer_prefix) ... ok
test_distribution_redirect_wrong_authority_amount_or_decimals (test_create_v2_lifecycle.CreateV2LifecycleTests.test_distribution_redirect_wrong_authority_amount_or_decimals) ... ok
test_distribution_under_ata_parent_not_pump (test_create_v2_lifecycle.CreateV2LifecycleTests.test_distribution_under_ata_parent_not_pump) ... ok
test_each_slot_witness_strict_u64_not_bool_float_string_or_overflow (test_create_v2_lifecycle.CreateV2LifecycleTests.test_each_slot_witness_strict_u64_not_bool_float_string_or_overflow) ... ok
test_endpoint_amounts_cannot_fabricate_distribution (test_create_v2_lifecycle.CreateV2LifecycleTests.test_endpoint_amounts_cannot_fabricate_distribution) ... ok
test_endpoint_duplicates_unbound_and_malformed_inventory (test_create_v2_lifecycle.CreateV2LifecycleTests.test_endpoint_duplicates_unbound_and_malformed_inventory) ... ok
test_endpoint_missing_states_or_raw_never_inferred (test_create_v2_lifecycle.CreateV2LifecycleTests.test_endpoint_missing_states_or_raw_never_inferred) ... ok
test_endpoint_slot_signature_stale_or_missing_not_trusted (test_create_v2_lifecycle.CreateV2LifecycleTests.test_endpoint_slot_signature_stale_or_missing_not_trusted) ... ok
test_every_create_account_role_swap_or_extra_fails (test_create_v2_lifecycle.CreateV2LifecycleTests.test_every_create_account_role_swap_or_extra_fails) ... ok
test_existing_idempotent_ata_no_prestate_inference (test_create_v2_lifecycle.CreateV2LifecycleTests.test_existing_idempotent_ata_no_prestate_inference) ... ok
test_extra_signers_and_readonly_privileges (test_create_v2_lifecycle.CreateV2LifecycleTests.test_extra_signers_and_readonly_privileges) ... ok
test_extra_system_transfer_never_ignored_as_native_sol (test_create_v2_lifecycle.CreateV2LifecycleTests.test_extra_system_transfer_never_ignored_as_native_sol) ... ok
test_extra_unknown_program_cpi_no_ignored_shortcut (test_create_v2_lifecycle.CreateV2LifecycleTests.test_extra_unknown_program_cpi_no_ignored_shortcut) ... ok
test_failed_transaction_or_ambiguous_trace_no_agreement (test_create_v2_lifecycle.CreateV2LifecycleTests.test_failed_transaction_or_ambiguous_trace_no_agreement) ... ok
test_forged_success_finality_and_endpoint_trust_flags_ignored (test_create_v2_lifecycle.CreateV2LifecycleTests.test_forged_success_finality_and_endpoint_trust_flags_ignored) ... ok
test_independently_supplied_endpoint_wrong_mint_or_controls (test_create_v2_lifecycle.CreateV2LifecycleTests.test_independently_supplied_endpoint_wrong_mint_or_controls) ... ok
test_issuance_destination_amount_authority_roles (test_create_v2_lifecycle.CreateV2LifecycleTests.test_issuance_destination_amount_authority_roles) ... ok
test_legacy_ata_seed_is_rejected (test_create_v2_lifecycle.CreateV2LifecycleTests.test_legacy_ata_seed_is_rejected) ... ok
test_malformed_records_and_signature_shape_return_diagnostics (test_create_v2_lifecycle.CreateV2LifecycleTests.test_malformed_records_and_signature_shape_return_diagnostics) ... ok
test_mandatory_prefix_truncation_invalid_bool_and_mayhem (test_create_v2_lifecycle.CreateV2LifecycleTests.test_mandatory_prefix_truncation_invalid_bool_and_mayhem) ... ok
test_metadata_revocation_authority_swap_redirect_restore (test_create_v2_lifecycle.CreateV2LifecycleTests.test_metadata_revocation_authority_swap_redirect_restore) ... ok
test_missing_depth_impossible_jump_unknown_not_guessed (test_create_v2_lifecycle.CreateV2LifecycleTests.test_missing_depth_impossible_jump_unknown_not_guessed) ... ok
test_missing_duplicate_reorder_mint_revocation (test_create_v2_lifecycle.CreateV2LifecycleTests.test_missing_duplicate_reorder_mint_revocation) ... ok
test_missing_header_cannot_gain_agreement_from_flags (test_create_v2_lifecycle.CreateV2LifecycleTests.test_missing_header_cannot_gain_agreement_from_flags) ... ok
test_missing_raw_pointer_does_not_use_parsed_none (test_create_v2_lifecycle.CreateV2LifecycleTests.test_missing_raw_pointer_does_not_use_parsed_none) ... ok
test_missing_record_slot_is_unknown_not_filled_from_context (test_create_v2_lifecycle.CreateV2LifecycleTests.test_missing_record_slot_is_unknown_not_filled_from_context) ... ok
test_no_production_import_and_no_parser_replication (test_create_v2_lifecycle.CreateV2LifecycleTests.test_no_production_import_and_no_parser_replication) ... ok
test_partial_create_suffix_eof_never_decoded_as_false (test_create_v2_lifecycle.CreateV2LifecycleTests.test_partial_create_suffix_eof_never_decoded_as_false) ... ok
test_pointer_active_or_redirected_and_freeze_some (test_create_v2_lifecycle.CreateV2LifecycleTests.test_pointer_active_or_redirected_and_freeze_some) ... ok
test_raw_and_parsed_together_remain_unresolved (test_create_v2_lifecycle.CreateV2LifecycleTests.test_raw_and_parsed_together_remain_unresolved) ... ok
test_record_slot_mismatch_coordinator_reproduction (test_create_v2_lifecycle.CreateV2LifecycleTests.test_record_slot_mismatch_coordinator_reproduction) ... ok
test_saved_launch_unmodified_has_explicit_missing_dependencies (test_create_v2_lifecycle.CreateV2LifecycleTests.test_saved_launch_unmodified_has_explicit_missing_dependencies) ... ok
test_signature_witnesses_invalid_or_cross_binding_conflicts (test_create_v2_lifecycle.CreateV2LifecycleTests.test_signature_witnesses_invalid_or_cross_binding_conflicts) ... ok
test_slot_u64_boundaries_agree_only_with_all_explicit_bindings (test_create_v2_lifecycle.CreateV2LifecycleTests.test_slot_u64_boundaries_agree_only_with_all_explicit_bindings) ... ok
test_synthetic_sequence_agreement_never_lifecycle_acceptance (test_create_v2_lifecycle.CreateV2LifecycleTests.test_synthetic_sequence_agreement_never_lifecycle_acceptance) ... ok
test_transient_control_witnesses_retained_even_after_bad_create (test_create_v2_lifecycle.CreateV2LifecycleTests.test_transient_control_witnesses_retained_even_after_bad_create) ... ok
test_unconstrained_mayhem_vault_is_not_invented_ata (test_create_v2_lifecycle.CreateV2LifecycleTests.test_unconstrained_mayhem_vault_is_not_invented_ata) ... ok
test_unsupported_extension_control_is_retained_as_unresolved (test_create_v2_lifecycle.CreateV2LifecycleTests.test_unsupported_extension_control_is_retained_as_unresolved) ... ok
test_all_supported_auxiliary_truncations_and_suffixes_reject (test_create_v2_raw_support.CreateV2RawSupportTests.test_all_supported_auxiliary_truncations_and_suffixes_reject) ... ok
test_auxiliary_exact_compute_and_fee_fields_use_primary_schema (test_create_v2_raw_support.CreateV2RawSupportTests.test_auxiliary_exact_compute_and_fee_fields_use_primary_schema) ... ok
test_buy_transfer_unknown_recipient_malformed_sender_or_suffix_not_allowed (test_create_v2_raw_support.CreateV2RawSupportTests.test_buy_transfer_unknown_recipient_malformed_sender_or_suffix_not_allowed) ... ok
test_cited_token_controls_already_have_complete_pinned_raw_syntax (test_create_v2_raw_support.CreateV2RawSupportTests.test_cited_token_controls_already_have_complete_pinned_raw_syntax) ... ok
test_compute_duplicate_or_inner_cpi_never_ignored (test_create_v2_raw_support.CreateV2RawSupportTests.test_compute_duplicate_or_inner_cpi_never_ignored) ... ok
test_control_restoration_and_unknown_program_still_reject_and_remain_visible (test_create_v2_raw_support.CreateV2RawSupportTests.test_control_restoration_and_unknown_program_still_reject_and_remain_visible) ... ok
test_curve_allocation_is_distinct_from_later_curve_sol_transfer (test_create_v2_raw_support.CreateV2RawSupportTests.test_curve_allocation_is_distinct_from_later_curve_sol_transfer) ... ok
test_duplicate_actual_curve_allocation_still_rejects (test_create_v2_raw_support.CreateV2RawSupportTests.test_duplicate_actual_curve_allocation_still_rejects) ... ok
test_duplicate_or_redirected_partial_trade_event_rejects (test_create_v2_raw_support.CreateV2RawSupportTests.test_duplicate_or_redirected_partial_trade_event_rejects) ... ok
test_even_synthetic_endpoint_shapes_do_not_resolve_raw_buy_effects (test_create_v2_raw_support.CreateV2RawSupportTests.test_even_synthetic_endpoint_shapes_do_not_resolve_raw_buy_effects) ... ok
test_fee_bool_wrong_config_program_quote_or_pda_rejects (test_create_v2_raw_support.CreateV2RawSupportTests.test_fee_bool_wrong_config_program_quote_or_pda_rejects) ... ok
test_fee_query_wrong_direct_parent_does_not_use_outer_prefix (test_create_v2_raw_support.CreateV2RawSupportTests.test_fee_query_wrong_direct_parent_does_not_use_outer_prefix) ... ok
test_later_slot_state_not_substituted_for_missing_launch_endpoint (test_create_v2_raw_support.CreateV2RawSupportTests.test_later_slot_state_not_substituted_for_missing_launch_endpoint) ... ok
test_opaque_trade_event_bytes_retained_never_made_complete (test_create_v2_raw_support.CreateV2RawSupportTests.test_opaque_trade_event_bytes_retained_never_made_complete) ... ok
test_original_raw_and_parsed_bytes_unchanged_and_canonical_digest_distinguished (test_create_v2_raw_support.CreateV2RawSupportTests.test_original_raw_and_parsed_bytes_unchanged_and_canonical_digest_distinguished) ... ok
test_raw_birth_roles_resolve_without_approving_eight_buy_effects (test_create_v2_raw_support.CreateV2RawSupportTests.test_raw_birth_roles_resolve_without_approving_eight_buy_effects) ... ok
test_raw_rows_resolve_same_program_parent_and_known_accounts_as_parsed (test_create_v2_raw_support.CreateV2RawSupportTests.test_raw_rows_resolve_same_program_parent_and_known_accounts_as_parsed) ... ok
test_source_schema_hashes_and_no_production_consumers (test_create_v2_raw_support.CreateV2RawSupportTests.test_source_schema_hashes_and_no_production_consumers) ... ok
test_unknown_tags_programs_malformed_accounts_not_generic_permissions (test_create_v2_raw_support.CreateV2RawSupportTests.test_unknown_tags_programs_malformed_accounts_not_generic_permissions) ... ok
test_user_volume_allocation_wrong_owner_size_or_key_rejects (test_create_v2_raw_support.CreateV2RawSupportTests.test_user_volume_allocation_wrong_owner_size_or_key_rejects) ... ok
test_exact_gross_debit_is_partial_check_only (test_debits.DebitTests.test_exact_gross_debit_is_partial_check_only) ... ok
test_external_native_transfer_rejected (test_debits.DebitTests.test_external_native_transfer_rejected) ... ok
test_external_rent_destination_rejected (test_debits.DebitTests.test_external_rent_destination_rejected) ... ok
test_extra_multisig_accounts_rejected (test_debits.DebitTests.test_extra_multisig_accounts_rejected) ... ok
test_missing_rent_quote_cannot_pass_creation (test_debits.DebitTests.test_missing_rent_quote_cannot_pass_creation) ... ok
test_overdebit_and_refund_cannot_hide_gross_transfer (test_debits.DebitTests.test_overdebit_and_refund_cannot_hide_gross_transfer) ... ok
test_public_multihop_fixture_remains_outside_policy (test_debits.DebitTests.test_public_multihop_fixture_remains_outside_policy) ... ok
test_rent_below_budget_still_must_match_chain_requirement (test_debits.DebitTests.test_rent_below_budget_still_must_match_chain_requirement) ... ok
test_repeated_rent_creation_rejected (test_debits.DebitTests.test_repeated_rent_creation_rejected) ... ok
test_unrelated_transfer_and_return_rejected (test_debits.DebitTests.test_unrelated_transfer_and_return_rejected) ... ok
test_wallet_wsol_rent_is_bounded (test_debits.DebitTests.test_wallet_wsol_rent_is_bounded) ... ok
test_wrong_authority_rejected (test_debits.DebitTests.test_wrong_authority_rejected) ... ok
test_concurrent_existing_journal_preserves_original_and_prior_revision (test_decision_journal_concurrency.DecisionJournalConcurrencyTests.test_concurrent_existing_journal_preserves_original_and_prior_revision) ... ok
test_failed_batch_remains_atomic_and_original_rows_survive (test_decision_journal_concurrency.DecisionJournalConcurrencyTests.test_failed_batch_remains_atomic_and_original_rows_survive) ... ok
test_failed_second_schema_write_rolls_back_first_schema_write (test_decision_journal_concurrency.DecisionJournalConcurrencyTests.test_failed_second_schema_write_rolls_back_first_schema_write) ... ok
test_four_processes_initialize_fresh_journals_and_commit_once (test_decision_journal_concurrency.DecisionJournalConcurrencyTests.test_four_processes_initialize_fresh_journals_and_commit_once) ... ok
test_initialization_refuses_nonwal_result (test_decision_journal_concurrency.DecisionJournalConcurrencyTests.test_initialization_refuses_nonwal_result) ... ok
test_nonbusy_sqlite_error_is_not_retried_and_restores_timeout (test_decision_journal_concurrency.DecisionJournalConcurrencyTests.test_nonbusy_sqlite_error_is_not_retried_and_restores_timeout) ... ok
test_read_only_source_attachment_and_full_sync_are_preserved (test_decision_journal_concurrency.DecisionJournalConcurrencyTests.test_read_only_source_attachment_and_full_sync_are_preserved) ... ok
test_real_reader_contention_expires_and_writes_no_decisions_then_recovers (test_decision_journal_concurrency.DecisionJournalConcurrencyTests.test_real_reader_contention_expires_and_writes_no_decisions_then_recovers) ... ok
test_real_reader_release_allows_same_consumer_to_retry_successfully (test_decision_journal_concurrency.DecisionJournalConcurrencyTests.test_real_reader_release_allows_same_consumer_to_retry_successfully) ... ok
test_asserted_approval_is_rejected_and_restart_does_not_duplicate (test_decision_runner.DecisionRunnerTests.test_asserted_approval_is_rejected_and_restart_does_not_duplicate) ... ok
test_bounded_batches_and_saved_source_hash (test_decision_runner.DecisionRunnerTests.test_bounded_batches_and_saved_source_hash) ... ok
test_dashboard_projection_does_not_create_database (test_decision_runner.DecisionRunnerTests.test_dashboard_projection_does_not_create_database) ... ok
test_earlier_running_job_is_not_skipped_when_it_finishes_later (test_decision_runner.DecisionRunnerTests.test_earlier_running_job_is_not_skipped_when_it_finishes_later) ... ok
test_existing_rejections_are_preserved_with_versioned_evaluation (test_decision_runner.DecisionRunnerTests.test_existing_rejections_are_preserved_with_versioned_evaluation) ... ok
test_failed_and_stale_jobs_keep_rejection_reasons (test_decision_runner.DecisionRunnerTests.test_failed_and_stale_jobs_keep_rejection_reasons) ... ok
test_malformed_batch_rolls_back_all_decisions (test_decision_runner.DecisionRunnerTests.test_malformed_batch_rolls_back_all_decisions) ... ok
test_missing_source_and_same_destination_rejected (test_decision_runner.DecisionRunnerTests.test_missing_source_and_same_destination_rejected) ... ok
test_bad_index_quarantinable (test_decode.DecoderTests.test_bad_index_quarantinable) ... ok
test_exact_integer_and_inner_transfer (test_decode.DecoderTests.test_exact_integer_and_inner_transfer) ... ok
test_failed_has_no_funding_edges (test_decode.DecoderTests.test_failed_has_no_funding_edges) ... ok
test_incomplete_metadata_rejected (test_decode.DecoderTests.test_incomplete_metadata_rejected) ... ok
test_missing_balance_is_not_zero (test_decode.DecoderTests.test_missing_balance_is_not_zero) ... ok
test_notification_wrapper (test_decode.DecoderTests.test_notification_wrapper) ... ok
test_owner_change_not_attributed_to_new_owner (test_decode.DecoderTests.test_owner_change_not_attributed_to_new_owner) ... ok
test_readonly_export_quarantines_and_deduplicates (test_decode.DecoderTests.test_readonly_export_quarantines_and_deduplicates) ... ok
test_spoofed_transfer_program_ignored (test_decode.DecoderTests.test_spoofed_transfer_program_ignored) ... ok
test_captured_launch_and_cpi_event_decode_together (test_decode.MainnetRegressionTests.test_captured_launch_and_cpi_event_decode_together) ... ok
test_coverage_attestation_must_match_supplied_holdings (test_desk.BundleTests.test_coverage_attestation_must_match_supplied_holdings) ... ok
test_distributed_buys_still_caught_by_funding (test_desk.BundleTests.test_distributed_buys_still_caught_by_funding) ... ok
test_dust_does_not_link_holders (test_desk.BundleTests.test_dust_does_not_link_holders) ... ok
test_future_evidence_rejected (test_desk.BundleTests.test_future_evidence_rejected) ... ok
test_hub_funding_does_not_create_cluster (test_desk.BundleTests.test_hub_funding_does_not_create_cluster) ... ok
test_unknown_funding_is_uncertainty_not_clean_bill (test_desk.BundleTests.test_unknown_funding_is_uncertainty_not_clean_bill) ... ok
test_unknown_history_skips (test_desk.BundleTests.test_unknown_history_skips) ... ok
test_bundle_gate_overrides_high_score (test_desk.EngineTests.test_bundle_gate_overrides_high_score) ... ok
test_changed_event_id_is_not_silently_ignored (test_desk.EngineTests.test_changed_event_id_is_not_silently_ignored) ... ok
test_config_drift_rejected (test_desk.EngineTests.test_config_drift_rejected) ... ok
test_cooldown_and_out_of_order (test_desk.EngineTests.test_cooldown_and_out_of_order) ... ok
test_crash_during_transition_rolls_back (test_desk.EngineTests.test_crash_during_transition_rolls_back) ... ok
test_ladder_sells_initial_quantity_and_accounting_conserves (test_desk.EngineTests.test_ladder_sells_initial_quantity_and_accounting_conserves) ... ok
test_liquidation_mode_remains_latched (test_desk.EngineTests.test_liquidation_mode_remains_latched) ... ok
test_missing_bundle_evidence_fails_closed (test_desk.EngineTests.test_missing_bundle_evidence_fails_closed) ... ok
test_missing_sellability_proof_prevents_entry (test_desk.EngineTests.test_missing_sellability_proof_prevents_entry) ... ok
test_no_route_preserves_position (test_desk.EngineTests.test_no_route_preserves_position) ... ok
test_nonfinite_numbers_and_missing_safety_rejected (test_desk.EngineTests.test_nonfinite_numbers_and_missing_safety_rejected) ... ok
test_pause_still_allows_exit (test_desk.EngineTests.test_pause_still_allows_exit) ... ok
test_pause_threshold_includes_unrealized_loss (test_desk.EngineTests.test_pause_threshold_includes_unrealized_loss) ... ok
test_price_impact_increases_with_order_size (test_desk.EngineTests.test_price_impact_increases_with_order_size) ... ok
test_real_exit_cannot_reuse_synthetic_sell_evidence (test_desk.EngineTests.test_real_exit_cannot_reuse_synthetic_sell_evidence) ... ok
test_restart_and_redelivery_do_not_duplicate_fill (test_desk.EngineTests.test_restart_and_redelivery_do_not_duplicate_fill) ... ok
test_small_equity_size_and_cost_filter (test_desk.EngineTests.test_small_equity_size_and_cost_filter) ... ok
test_stale_and_future_inputs (test_desk.EngineTests.test_stale_and_future_inputs) ... ok
test_stale_exit_is_not_a_fake_fill (test_desk.EngineTests.test_stale_exit_is_not_a_fake_fill) ... ok
test_time_stop_does_not_need_new_entry_signal (test_desk.EngineTests.test_time_stop_does_not_need_new_entry_signal) ... ok
test_unrealized_drawdown_triggers_liquidation (test_desk.EngineTests.test_unrealized_drawdown_triggers_liquidation) ... ok
test_unresolved_exit_blocks_resume_until_new_evidence (test_desk.EngineTests.test_unresolved_exit_blocks_resume_until_new_evidence) ... ok
test_unsupported_token_program_cannot_be_overridden_by_safe_boolean (test_desk.EngineTests.test_unsupported_token_program_cannot_be_overridden_by_safe_boolean) ... ok
test_backfill_resumes_after_page_limit_and_deduplicates (test_desk.ProviderTests.test_backfill_resumes_after_page_limit_and_deduplicates) ... ok
test_notification_duplicate_and_malformed (test_desk.ProviderTests.test_notification_duplicate_and_malformed) ... ok
test_subscription_filters_and_versions (test_desk.ProviderTests.test_subscription_filters_and_versions) ... ok
test_dispatch_validation_and_repeated_gates_share_bytes_not_decisions (test_dispatch_byte_cache_scope.DispatchByteScopeTests.test_dispatch_validation_and_repeated_gates_share_bytes_not_decisions) ... ok
test_nested_exception_and_independent_context_isolation (test_dispatch_byte_cache_scope.DispatchByteScopeTests.test_nested_exception_and_independent_context_isolation) ... ok
test_page_and_byte_caps_apply_across_nested_gates (test_dispatch_byte_cache_scope.DispatchByteScopeTests.test_page_and_byte_caps_apply_across_nested_gates) ... ok
test_payload_scalar_and_missing_row_changes_refuse_across_gates (test_dispatch_byte_cache_scope.DispatchByteScopeTests.test_payload_scalar_and_missing_row_changes_refuse_across_gates) ... ok
test_busy_initial_preflight_never_reads_credentials_or_creates_intent (test_dispatch_contention.DispatchContentionTests.test_busy_initial_preflight_never_reads_credentials_or_creates_intent) ... ok
test_competing_process_at_final_admission_lock_is_zero_intent_and_retryable (test_dispatch_contention.DispatchContentionTests.test_competing_process_at_final_admission_lock_is_zero_intent_and_retryable) ... ok
test_credential_failure_before_publication_is_zero_intent (test_dispatch_contention.DispatchContentionTests.test_credential_failure_before_publication_is_zero_intent) ... ok
test_post_admission_handoff_contention_stays_unresolved_no_automatic_retry (test_dispatch_contention.DispatchContentionTests.test_post_admission_handoff_contention_stays_unresolved_no_automatic_retry) ... ok
test_attempt_twelve_cannot_be_invented (test_dispatch_preparation_retirement.DispatchPreparationRetirementTests.test_attempt_twelve_cannot_be_invented) ... ok
test_completed_prep_artifact_refuses (test_dispatch_preparation_retirement.DispatchPreparationRetirementTests.test_completed_prep_artifact_refuses) ... ok
test_empty_policy_refuses_apply (test_dispatch_preparation_retirement.DispatchPreparationRetirementTests.test_empty_policy_refuses_apply) ... ok
test_exact_unknown_reservation_plan_preserves_null_charges_and_journal (test_dispatch_preparation_retirement.DispatchPreparationRetirementTests.test_exact_unknown_reservation_plan_preserves_null_charges_and_journal) ... ok
test_gate_and_journal_validation_do_not_fabricate_result (test_dispatch_preparation_retirement.DispatchPreparationRetirementTests.test_gate_and_journal_validation_do_not_fabricate_result) ... ok
test_idempotence_and_immutable_guards (test_dispatch_preparation_retirement.DispatchPreparationRetirementTests.test_idempotence_and_immutable_guards) ... ok
test_intake_http403_or_missing_body_cannot_be_retired (test_dispatch_preparation_retirement.DispatchPreparationRetirementTests.test_intake_http403_or_missing_body_cannot_be_retired) ... ok
test_intake_request_binding_must_match_retained_slot (test_dispatch_preparation_retirement.DispatchPreparationRetirementTests.test_intake_request_binding_must_match_retained_slot) ... ok
test_ledger_changed_refuses (test_dispatch_preparation_retirement.DispatchPreparationRetirementTests.test_ledger_changed_refuses) ... ok
test_missing_successful_attempt_refuses (test_dispatch_preparation_retirement.DispatchPreparationRetirementTests.test_missing_successful_attempt_refuses) ... ok
test_mutated_counter_refuses (test_dispatch_preparation_retirement.DispatchPreparationRetirementTests.test_mutated_counter_refuses) ... ok
test_mutated_history_reservation_refuses (test_dispatch_preparation_retirement.DispatchPreparationRetirementTests.test_mutated_history_reservation_refuses) ... ok
test_no_implicit_lineage_adoption (test_dispatch_preparation_retirement.DispatchPreparationRetirementTests.test_no_implicit_lineage_adoption) ... ok
test_oversized_attempt_hash_refused_before_load (test_dispatch_preparation_retirement.DispatchPreparationRetirementTests.test_oversized_attempt_hash_refused_before_load) ... ok
test_oversized_history_status_refused (test_dispatch_preparation_retirement.DispatchPreparationRetirementTests.test_oversized_history_status_refused) ... ok
test_pending_pacer_blocks_apply (test_dispatch_preparation_retirement.DispatchPreparationRetirementTests.test_pending_pacer_blocks_apply) ... ok
test_real_first_receipt_then_continuation_then_retirement_with_distinct_backup (test_dispatch_preparation_retirement.DispatchPreparationRetirementTests.test_real_first_receipt_then_continuation_then_retirement_with_distinct_backup) ... ok
test_retired_journal_prefix_cannot_change_rowid (test_dispatch_preparation_retirement.DispatchPreparationRetirementTests.test_retired_journal_prefix_cannot_change_rowid) ... ok
test_rollback_no_partial_schema (test_dispatch_preparation_retirement.DispatchPreparationRetirementTests.test_rollback_no_partial_schema) ... ok
test_stopped_witness_requires_ended_owner (test_dispatch_preparation_retirement.DispatchPreparationRetirementTests.test_stopped_witness_requires_ended_owner) ... ok
test_unrelated_null_pass_refuses_apply (test_dispatch_preparation_retirement.DispatchPreparationRetirementTests.test_unrelated_null_pass_refuses_apply) ... ok
test_conflicting_pre_post_owner_not_chosen (test_distribution.DistributionTests.test_conflicting_pre_post_owner_not_chosen) ... ok
test_duplicate_observation_does_not_inflate_materiality (test_distribution.DistributionTests.test_duplicate_observation_does_not_inflate_materiality) ... ok
test_earlier_indirect_arrival_not_hidden_by_later_direct_path (test_distribution.DistributionTests.test_earlier_indirect_arrival_not_hidden_by_later_direct_path) ... ok
test_failed_transaction_cannot_create_path (test_distribution.DistributionTests.test_failed_transaction_cannot_create_path) ... ok
test_finalized_order_allows_same_slot_relay (test_distribution.DistributionTests.test_finalized_order_allows_same_slot_relay) ... ok
test_fragmentation_excludes_verified_vault_and_pre_buy_sends (test_distribution.DistributionTests.test_fragmentation_excludes_verified_vault_and_pre_buy_sends) ... ok
test_many_small_recipients_cannot_hide_material_outflow (test_distribution.DistributionTests.test_many_small_recipients_cannot_hide_material_outflow) ... ok
test_missing_destination_identity_not_guessed (test_distribution.DistributionTests.test_missing_destination_identity_not_guessed) ... ok
test_observed_two_hop_path_never_approves (test_distribution.DistributionTests.test_observed_two_hop_path_never_approves) ... ok
test_ordered_split_transfers_use_threshold_arrival (test_distribution.DistributionTests.test_ordered_split_transfers_use_threshold_arrival) ... ok
test_owner_resolved_from_same_transaction_not_current_holding (test_distribution.DistributionTests.test_owner_resolved_from_same_transaction_not_current_holding) ... ok
test_persisted_mainnet_history_owner_resolution (test_distribution.DistributionTests.test_persisted_mainnet_history_owner_resolution) ... ok
test_same_slot_different_signature_not_ordered_lexically (test_distribution.DistributionTests.test_same_slot_different_signature_not_ordered_lexically) ... ok
test_same_slot_earlier_relay_is_not_reachable (test_distribution.DistributionTests.test_same_slot_earlier_relay_is_not_reachable) ... ok
test_small_aggregate_dust_not_material_fanout (test_distribution.DistributionTests.test_small_aggregate_dust_not_material_fanout) ... ok
test_split_materiality_does_not_advance_at_first_dust_send (test_distribution.DistributionTests.test_split_materiality_does_not_advance_at_first_dust_send) ... ok
test_transfer_before_seed_buy_not_traced (test_distribution.DistributionTests.test_transfer_before_seed_buy_not_traced) ... ok
test_vault_edge_excluded_by_exact_account (test_distribution.DistributionTests.test_vault_edge_excluded_by_exact_account) ... ok
test_before_boundary_after_cutoff_rejected (test_distribution_exposure.ExposureTests.test_before_boundary_after_cutoff_rejected) ... ok
test_commingling_does_not_invent_fifo (test_distribution_exposure.ExposureTests.test_commingling_does_not_invent_fifo) ... ok
test_conflicting_classifications_never_choose_one (test_distribution_exposure.ExposureTests.test_conflicting_classifications_never_choose_one) ... ok
test_control_change_blocks_attribution (test_distribution_exposure.ExposureTests.test_control_change_blocks_attribution) ... ok
test_cycles_conserve_current_exposure (test_distribution_exposure.ExposureTests.test_cycles_conserve_current_exposure) ... ok
test_depth_limit_keeps_downstream_unresolved (test_distribution_exposure.ExposureTests.test_depth_limit_keeps_downstream_unresolved) ... ok
test_duplicate_records_and_ambiguous_positions_rejected (test_distribution_exposure.ExposureTests.test_duplicate_records_and_ambiguous_positions_rejected) ... ok
test_empty_cohort_never_means_zero_exposure (test_distribution_exposure.ExposureTests.test_empty_cohort_never_means_zero_exposure) ... ok
test_exact_account_binding_not_owner_wide_exclusion (test_distribution_exposure.ExposureTests.test_exact_account_binding_not_owner_wide_exclusion) ... ok
test_guaranteed_partial_outflow (test_distribution_exposure.ExposureTests.test_guaranteed_partial_outflow) ... ok
test_integer_types_and_hard_limits (test_distribution_exposure.ExposureTests.test_integer_types_and_hard_limits) ... ok
test_interval_bounds_against_exhaustive_token_allocation_oracle (test_distribution_exposure.ExposureTests.test_interval_bounds_against_exhaustive_token_allocation_oracle) ... ok
test_missing_labels_default_unresolved (test_distribution_exposure.ExposureTests.test_missing_labels_default_unresolved) ... ok
test_missing_paths_and_insufficient_source_fail_closed (test_distribution_exposure.ExposureTests.test_missing_paths_and_insufficient_source_fail_closed) ... ok
test_missing_transfer_reconciliation_blocks_lower_bound (test_distribution_exposure.ExposureTests.test_missing_transfer_reconciliation_blocks_lower_bound) ... ok
test_same_slot_verified_numeric_instruction_order (test_distribution_exposure.ExposureTests.test_same_slot_verified_numeric_instruction_order) ... ok
test_self_transfer_no_duplication_and_originals_unchanged (test_distribution_exposure.ExposureTests.test_self_transfer_no_duplication_and_originals_unchanged) ... ok
test_split_fanout_exact_large_integers (test_distribution_exposure.ExposureTests.test_split_fanout_exact_large_integers) ... ok
test_split_relay_replays_before_later_receipt (test_distribution_exposure.ExposureTests.test_split_relay_replays_before_later_receipt) ... ok
test_supply_duplicate_accounts_duplicate_seeds_rejected (test_distribution_exposure.ExposureTests.test_supply_duplicate_accounts_duplicate_seeds_rejected) ... ok
test_transfer_limit_discards_partial_lower_bounds (test_distribution_exposure.ExposureTests.test_transfer_limit_discards_partial_lower_bounds) ... ok
test_unknown_intermediate_cannot_launder_lower_bound (test_distribution_exposure.ExposureTests.test_unknown_intermediate_cannot_launder_lower_bound) ... ok
test_unverified_snapshot_cannot_exclude_service (test_distribution_exposure.ExposureTests.test_unverified_snapshot_cannot_exclude_service) ... ok
test_unverified_stale_wrong_mint_owner_or_unproven_label (test_distribution_exposure.ExposureTests.test_unverified_stale_wrong_mint_owner_or_unproven_label) ... ok
test_verified_service_hub_does_not_create_private_attribution (test_distribution_exposure.ExposureTests.test_verified_service_hub_does_not_create_private_attribution) ... ok
test_large_raw_amounts_do_not_round_through_float (test_dynamic_fees.DynamicFeeTests.test_large_raw_amounts_do_not_round_through_float) ... ok
test_mainnet_documented_allocation_decodes (test_dynamic_fees.DynamicFeeTests.test_mainnet_documented_allocation_decodes) ... ok
test_noncanonical_uses_flat_fees (test_dynamic_fees.DynamicFeeTests.test_noncanonical_uses_flat_fees) ... ok
test_nonzero_reserved_capacity_is_unapproved (test_dynamic_fees.DynamicFeeTests.test_nonzero_reserved_capacity_is_unapproved) ... ok
test_old_stale_capacity_is_not_read_as_new_fields (test_dynamic_fees.DynamicFeeTests.test_old_stale_capacity_is_not_read_as_new_fields) ... ok
test_older_allocations_default_only_absent_fields (test_dynamic_fees.DynamicFeeTests.test_older_allocations_default_only_absent_fields) ... ok
test_tier_boundary_uses_integer_market_cap (test_dynamic_fees.DynamicFeeTests.test_tier_boundary_uses_integer_market_cap) ... ok
test_unrecognized_allocations_do_not_gain_approval (test_dynamic_fees.DynamicFeeTests.test_unrecognized_allocations_do_not_gain_approval) ... ok
test_vector_overrun_and_wrong_bump_are_unapproved (test_dynamic_fees.DynamicFeeTests.test_vector_overrun_and_wrong_bump_are_unapproved) ... ok
test_virtual_reserves_and_zero_divisor_are_not_silently_used (test_dynamic_fees.DynamicFeeTests.test_virtual_reserves_and_zero_divisor_are_not_silently_used) ... ok
test_wrong_program_and_truncated_config_rejected (test_dynamic_fees.DynamicFeeTests.test_wrong_program_and_truncated_config_rejected) ... ok
test_buy_below_minimum_rejected (test_effects.BuyEffectTests.test_buy_below_minimum_rejected) ... ok
test_buy_exact_sol_debit_and_minimum_tokens (test_effects.BuyEffectTests.test_buy_exact_sol_debit_and_minimum_tokens) ... ok
test_buy_hidden_sol_surcharge_rejected (test_effects.BuyEffectTests.test_buy_hidden_sol_surcharge_rejected) ... ok
test_new_holding_rent_is_not_swap_spend (test_effects.BuyEffectTests.test_new_holding_rent_is_not_swap_spend) ... ok
test_account_bytes_disagree_with_token_metadata (test_effects.ControlTests.test_account_bytes_disagree_with_token_metadata) ... ok
test_clean_control (test_effects.ControlTests.test_clean_control) ... ok
test_closed_account_requires_zero_balance (test_effects.ControlTests.test_closed_account_requires_zero_balance) ... ok
test_external_close_authority (test_effects.ControlTests.test_external_close_authority) ... ok
test_freeze_after_sale (test_effects.ControlTests.test_freeze_after_sale) ... ok
test_hidden_delegate_without_balance_loss (test_effects.ControlTests.test_hidden_delegate_without_balance_loss) ... ok
test_lamport_metadata_disagrees_with_state (test_effects.ControlTests.test_lamport_metadata_disagrees_with_state) ... ok
test_missing_post_balances_cannot_pass_controls (test_effects.ControlTests.test_missing_post_balances_cannot_pass_controls) ... ok
test_owned_token_absent_from_metadata_not_ignored (test_effects.ControlTests.test_owned_token_absent_from_metadata_not_ignored) ... ok
test_owner_change (test_effects.ControlTests.test_owner_change) ... ok
test_partial_state_unknown (test_effects.ControlTests.test_partial_state_unknown) ... ok
test_payer_assigned_to_program (test_effects.ControlTests.test_payer_assigned_to_program) ... ok
test_token_metadata_for_closed_account_rejected (test_effects.ControlTests.test_token_metadata_for_closed_account_rejected) ... ok
test_token_program_metadata_disagrees_with_state (test_effects.ControlTests.test_token_program_metadata_disagrees_with_state) ... ok
test_zero_minimum_rejected (test_effects.ControlTests.test_zero_minimum_rejected) ... ok
test_exact_debit_and_native_proceeds (test_effects.EffectTests.test_exact_debit_and_native_proceeds) ... ok
test_excessive_network_fee_rejected (test_effects.EffectTests.test_excessive_network_fee_rejected) ... ok
test_identity_change_rejected (test_effects.EffectTests.test_identity_change_rejected) ... ok
test_missing_existing_account_not_assumed_zero (test_effects.EffectTests.test_missing_existing_account_not_assumed_zero) ... ok
test_missing_metadata_is_unknown (test_effects.EffectTests.test_missing_metadata_is_unknown) ... ok
test_overdebit_rejected (test_effects.EffectTests.test_overdebit_rejected) ... ok
test_rent_return_does_not_fake_proceeds (test_effects.EffectTests.test_rent_return_does_not_fake_proceeds) ... ok
test_unrelated_asset_drain_rejected (test_effects.EffectTests.test_unrelated_asset_drain_rejected) ... ok
test_wrapped_sol_not_double_counted (test_effects.EffectTests.test_wrapped_sol_not_double_counted) ... ok
test_empty_receipt_requires_explicit_policy_and_strict_shapes (test_empty_history_no_entry.ProspectiveEmptyTests.test_empty_receipt_requires_explicit_policy_and_strict_shapes) ... ok
test_incomplete_empty_and_nonempty_windows_do_not_claim_no_entry (test_empty_history_no_entry.ProspectiveEmptyTests.test_incomplete_empty_and_nonempty_windows_do_not_claim_no_entry) ... ok
test_missing_captured_attempt_and_changed_ledger_stay_blocked (test_empty_history_no_entry.ProspectiveEmptyTests.test_missing_captured_attempt_and_changed_ledger_stay_blocked) ... ok
test_one_buyer_measured_window_is_not_missing_input_rejection (test_empty_history_no_entry.ProspectiveEmptyTests.test_one_buyer_measured_window_is_not_missing_input_rejection) ... ok
test_replay_proven_missing_measurement_matrix (test_empty_history_no_entry.ProspectiveEmptyTests.test_replay_proven_missing_measurement_matrix) ... ok
test_verified_empty_window_publishes_no_entry_and_allows_next_scan (test_empty_history_no_entry.ProspectiveEmptyTests.test_verified_empty_window_publishes_no_entry_and_allows_next_scan) ... ok
test_changed_charge_and_missing_fresh_capture_cannot_reconcile (test_empty_history_no_entry.RetainedEmptyTests.test_changed_charge_and_missing_fresh_capture_cannot_reconcile) ... ok
test_missing_capture_stays_pending (test_empty_history_no_entry.RetainedEmptyTests.test_missing_capture_stays_pending) ... ok
test_original_empty_window_proof_and_append_preserve_null_and_usage (test_empty_history_no_entry.RetainedEmptyTests.test_original_empty_window_proof_and_append_preserve_null_and_usage) ... ok
test_post_recovery_real_buy_monitor_full_exit (test_empty_history_no_entry.RetainedEmptyTests.test_post_recovery_real_buy_monitor_full_exit) ... ok
test_unresolved_intent_after_original_prefix_cannot_gain_authority (test_empty_history_successor.PredecessorJournalTests.test_unresolved_intent_after_original_prefix_cannot_gain_authority) ... ok
test_no_policy_no_shape_no_implicit_successor (test_empty_history_successor.ScalarTests.test_no_policy_no_shape_no_implicit_successor) ... ok
test_oversized_or_wrong_storage_types_refused_before_parse (test_empty_history_successor.ScalarTests.test_oversized_or_wrong_storage_types_refused_before_parse) ... ok
test_partial_table_never_enters_namespace (test_empty_history_successor.ScalarTests.test_partial_table_never_enters_namespace) ... ok
test_replace_rowid_update_delete_and_extra_receipt_refused (test_empty_history_successor.ScalarTests.test_replace_rowid_update_delete_and_extra_receipt_refused) ... ok
test_entry_exit_restart_preserves_unknown_risk_and_accounting (test_engine_experimental_policy.ExperimentalEngineTests.test_entry_exit_restart_preserves_unknown_risk_and_accounting) ... ok
test_event_json_cannot_opt_in_strict_default (test_engine_experimental_policy.ExperimentalEngineTests.test_event_json_cannot_opt_in_strict_default) ... ok
test_existing_experiment_cannot_switch_policy (test_engine_experimental_policy.ExperimentalEngineTests.test_existing_experiment_cannot_switch_policy) ... ok
test_known_hazards_missing_inputs_and_live_source_still_block (test_engine_experimental_policy.ExperimentalEngineTests.test_known_hazards_missing_inputs_and_live_source_still_block) ... ok
test_outage_clock_preserves_position_and_blocks_fabricated_exit (test_engine_experimental_policy.ExperimentalEngineTests.test_outage_clock_preserves_position_and_blocks_fabricated_exit) ... ok
test_profile_two_omits_history_only_and_rejects_known_deployer_hazard (test_engine_experimental_policy.ExperimentalEngineTests.test_profile_two_omits_history_only_and_rejects_known_deployer_hazard) ... ok
test_restart_rejects_nonentry_rebinding_and_conflicting_buy (test_engine_experimental_policy.ExperimentalEngineTests.test_restart_rejects_nonentry_rebinding_and_conflicting_buy) ... ok
test_restart_rejects_removed_or_promoted_policy_without_writes (test_engine_experimental_policy.ExperimentalEngineTests.test_restart_rejects_removed_or_promoted_policy_without_writes) ... ok
test_unsupported_config_rejects_before_mutating_state (test_engine_experimental_policy.ExperimentalEngineTests.test_unsupported_config_rejects_before_mutating_state) ... ok
test_changed_summary_hash_is_blocked (test_entry_evidence.EntryEvidenceTests.test_changed_summary_hash_is_blocked) ... ok
test_missing_raw_data_cannot_be_replaced_by_approval_flags (test_entry_evidence.EntryEvidenceTests.test_missing_raw_data_cannot_be_replaced_by_approval_flags) ... ok
test_missing_store_is_fail_closed (test_entry_evidence.EntryEvidenceTests.test_missing_store_is_fail_closed) ... ok
test_partial_positive_supply_is_blocked_even_with_valid_hash (test_entry_evidence.EntryEvidenceTests.test_partial_positive_supply_is_blocked_even_with_valid_hash) ... ok
test_real_holder_capture_drives_components_not_summary_flags (test_entry_evidence.EntryEvidenceTests.test_real_holder_capture_drives_components_not_summary_flags) ... ok
test_wrong_mint_reference_is_blocked (test_entry_evidence.EntryEvidenceTests.test_wrong_mint_reference_is_blocked) ... ok
test_close_existing_input_account_rejected (test_envelope.EnvelopeTests.test_close_existing_input_account_rejected) ... ok
test_close_rent_to_external_wallet_rejected (test_envelope.EnvelopeTests.test_close_rent_to_external_wallet_rejected) ... ok
test_duplicate_compute_setting (test_envelope.EnvelopeTests.test_duplicate_compute_setting) ... ok
test_duplicate_route_rejected (test_envelope.EnvelopeTests.test_duplicate_route_rejected) ... ok
test_missing_close_rejected (test_envelope.EnvelopeTests.test_missing_close_rejected) ... ok
test_oversized_compute_limit (test_envelope.EnvelopeTests.test_oversized_compute_limit) ... ok
test_priority_fee_budget (test_envelope.EnvelopeTests.test_priority_fee_budget) ... ok
test_public_capture_setup_cleanup (test_envelope.EnvelopeTests.test_public_capture_setup_cleanup) ... ok
test_setup_after_swap_rejected (test_envelope.EnvelopeTests.test_setup_after_swap_rejected) ... ok
test_setup_for_external_owner_rejected (test_envelope.EnvelopeTests.test_setup_for_external_owner_rejected) ... ok
test_system_transfer_even_with_allowed_program_rejected (test_envelope.EnvelopeTests.test_system_transfer_even_with_allowed_program_rejected) ... ok
test_wallet_signature_required_for_close (test_envelope.EnvelopeTests.test_wallet_signature_required_for_close) ... ok
test_roundtrip_and_content_deduplication (test_evidence.EvidenceTests.test_roundtrip_and_content_deduplication) ... ok
test_storage_budget_failure_preserves_existing_evidence (test_evidence.EvidenceTests.test_storage_budget_failure_preserves_existing_evidence) ... ok
test_tampered_raw_length_rejected (test_evidence.EvidenceTests.test_tampered_raw_length_rejected) ... ok
test_asserted_real_data_proofs_cannot_enable_entry (test_evidence_boundary.EvidenceBoundaryTests.test_asserted_real_data_proofs_cannot_enable_entry) ... ok
test_concurrent_conflicting_raw_payload_is_not_silently_dropped (test_evidence_boundary.EvidenceBoundaryTests.test_concurrent_conflicting_raw_payload_is_not_silently_dropped) ... ok
test_control_trailing_bytes_and_program_disagreement_rejected (test_execution_trace.TraceInstructionTests.test_control_trailing_bytes_and_program_disagreement_rejected) ... ok
test_exact_raw_bytes_accounts_repetitions_and_provenance (test_execution_trace.TraceInstructionTests.test_exact_raw_bytes_accounts_repetitions_and_provenance) ... ok
test_invalid_raw_indices_and_data_and_unbound_keys (test_execution_trace.TraceInstructionTests.test_invalid_raw_indices_and_data_and_unbound_keys) ... ok
test_normalizer_comparison_is_syntax_only_and_handoff_retains_parent (test_execution_trace.TraceInstructionTests.test_normalizer_comparison_is_syntax_only_and_handoff_retains_parent) ... ok
test_parsed_only_does_not_recreate_raw_account_order_or_bytes (test_execution_trace.TraceInstructionTests.test_parsed_only_does_not_recreate_raw_account_order_or_bytes) ... ok
test_parsed_raw_target_role_amount_and_none_presence_attacks (test_execution_trace.TraceInstructionTests.test_parsed_raw_target_role_amount_and_none_presence_attacks) ... ok
test_partially_decoded_matches_raw_resolution (test_execution_trace.TraceInstructionTests.test_partially_decoded_matches_raw_resolution) ... ok
test_unsupported_raw_parsed_comparison_not_silently_trusted (test_execution_trace.TraceInstructionTests.test_unsupported_raw_parsed_comparison_not_silently_trusted) ... ok
test_duplicate_key_aliases_and_lookup_indices_rejected (test_execution_trace.TraceKeyTests.test_duplicate_key_aliases_and_lookup_indices_rejected) ... ok
test_expanded_keys_not_double_appended_and_demoted_writable (test_execution_trace.TraceKeyTests.test_expanded_keys_not_double_appended_and_demoted_writable) ... ok
test_expanded_source_flags_and_shape_rejected (test_execution_trace.TraceKeyTests.test_expanded_source_flags_and_shape_rejected) ... ok
test_expanded_vs_loaded_disagreement_rejected (test_execution_trace.TraceKeyTests.test_expanded_vs_loaded_disagreement_rejected) ... ok
test_loaded_signer_and_readonly_writable_contradictions (test_execution_trace.TraceKeyTests.test_loaded_signer_and_readonly_writable_contradictions) ... ok
test_malformed_keys_mixed_encodings_and_legacy_lookup_claims (test_execution_trace.TraceKeyTests.test_malformed_keys_mixed_encodings_and_legacy_lookup_claims) ... ok
test_missing_loaded_data_and_descriptor_counts_do_not_invent_keys (test_execution_trace.TraceKeyTests.test_missing_loaded_data_and_descriptor_counts_do_not_invent_keys) ... ok
test_static_then_all_writable_then_all_readonly (test_execution_trace.TraceKeyTests.test_static_then_all_writable_then_all_readonly) ... ok
test_bad_group_indices_shapes_and_budget_fail_closed (test_execution_trace.TraceOrderingTests.test_bad_group_indices_shapes_and_budget_fail_closed) ... ok
test_duplicate_groups_not_chosen_or_silently_merged (test_execution_trace.TraceOrderingTests.test_duplicate_groups_not_chosen_or_silently_merged) ... ok
test_impossible_depth_jumps_rejected (test_execution_trace.TraceOrderingTests.test_impossible_depth_jumps_rejected) ... ok
test_invalid_depth_types_bounds_and_unsupported_explicit_indices (test_execution_trace.TraceOrderingTests.test_invalid_depth_types_bounds_and_unsupported_explicit_indices) ... ok
test_missing_depth_poisoning_no_stale_parent_and_local_recovery (test_execution_trace.TraceOrderingTests.test_missing_depth_poisoning_no_stale_parent_and_local_recovery) ... ok
test_nested_parent_not_outer_prefix_and_return_to_ancestor (test_execution_trace.TraceOrderingTests.test_nested_parent_not_outer_prefix_and_return_to_ancestor) ... ok
test_null_and_omitted_outer_stack_height_are_intrinsic_roots (test_execution_trace.TraceOrderingTests.test_null_and_omitted_outer_stack_height_are_intrinsic_roots) ... ok
test_numeric_outer_and_inner_preorder_not_decoder_or_lexical_order (test_execution_trace.TraceOrderingTests.test_numeric_outer_and_inner_preorder_not_decoder_or_lexical_order) ... ok
test_outer_contradictory_depth_rejected (test_execution_trace.TraceOrderingTests.test_outer_contradictory_depth_rejected) ... ok
test_stack_resets_for_each_outer (test_execution_trace.TraceOrderingTests.test_stack_resets_for_each_outer) ... ok
test_forged_summary_flags_no_elevation_and_copied_source_identity (test_execution_trace.TraceUnknownAndPublicTests.test_forged_summary_flags_no_elevation_and_copied_source_identity) ... ok
test_format_source_pins_and_disconnected_pure_scope (test_execution_trace.TraceUnknownAndPublicTests.test_format_source_pins_and_disconnected_pure_scope) ... ok
test_missing_and_failed_metadata_do_not_claim_all_outer_executed (test_execution_trace.TraceUnknownAndPublicTests.test_missing_and_failed_metadata_do_not_claim_all_outer_executed) ... ok
test_success_cannot_establish_caught_cpi_success_or_caller_effect_timing (test_execution_trace.TraceUnknownAndPublicTests.test_success_cannot_establish_caught_cpi_success_or_caller_effect_timing) ... ok
test_unchanged_public_nested_parent_provenance_and_raw_gaps (test_execution_trace.TraceUnknownAndPublicTests.test_unchanged_public_nested_parent_provenance_and_raw_gaps) ... ok
test_unsupported_versions_non_json_binary_and_notification_wrappers (test_execution_trace.TraceUnknownAndPublicTests.test_unsupported_versions_non_json_binary_and_notification_wrappers) ... ok
test_bounded_reads_and_missing_database_do_not_create_schema (test_experiment_report.ExperimentReportTests.test_bounded_reads_and_missing_database_do_not_create_schema) ... ok
test_cli_json_success_and_nonzero_corruption (test_experiment_report.ExperimentReportTests.test_cli_json_success_and_nonzero_corruption) ... ok
test_hash_journal_fill_and_checkpoint_substitutions_reject (test_experiment_report.ExperimentReportTests.test_hash_journal_fill_and_checkpoint_substitutions_reject) ... ok
test_missing_or_partial_checkpoint_and_config_hash_reject_preserving_originals (test_experiment_report.ExperimentReportTests.test_missing_or_partial_checkpoint_and_config_hash_reject_preserving_originals) ... ok
test_non_synthetic_and_missing_provenance_are_unverified_claims (test_experiment_report.ExperimentReportTests.test_non_synthetic_and_missing_provenance_are_unverified_claims) ... ok
test_open_expired_inventory_and_blocked_exit_are_not_closed_success (test_experiment_report.ExperimentReportTests.test_open_expired_inventory_and_blocked_exit_are_not_closed_success) ... ok
test_original_raw_observation_span_and_out_of_order_reject_are_distinct (test_experiment_report.ExperimentReportTests.test_original_raw_observation_span_and_out_of_order_reject_are_distinct) ... ok
test_partial_paired_trade_pnl_and_remaining_basis_attack_rejects (test_experiment_report.ExperimentReportTests.test_partial_paired_trade_pnl_and_remaining_basis_attack_rejects) ... ok
test_partial_then_full_exit_restart_counts_one_closed_trade_and_net_fees (test_experiment_report.ExperimentReportTests.test_partial_then_full_exit_restart_counts_one_closed_trade_and_net_fees) ... ok
test_review_paired_closed_pnl_checkpoint_forgery_rejects_cash_loss_as_profit (test_experiment_report.ExperimentReportTests.test_review_paired_closed_pnl_checkpoint_forgery_rejects_cash_loss_as_profit) ... ok
test_review_single_open_cost_basis_corruption_and_partial_remaining_basis (test_experiment_report.ExperimentReportTests.test_review_single_open_cost_basis_corruption_and_partial_remaining_basis) ... ok
test_account_only_extension (test_extensions.ExtensionTests.test_account_only_extension) ... ok
test_delegate_and_hook_identified_never_approved (test_extensions.ExtensionTests.test_delegate_and_hook_identified_never_approved) ... ok
test_duplicate_fails_inventory (test_extensions.ExtensionTests.test_duplicate_fails_inventory) ... ok
test_hidden_tail_after_terminator (test_extensions.ExtensionTests.test_hidden_tail_after_terminator) ... ok
test_metadata_only_still_excluded (test_extensions.ExtensionTests.test_metadata_only_still_excluded) ... ok
test_nonzero_padding (test_extensions.ExtensionTests.test_nonzero_padding) ... ok
test_truncation (test_extensions.ExtensionTests.test_truncation) ... ok
test_unknown_fails_inventory (test_extensions.ExtensionTests.test_unknown_fails_inventory) ... ok
test_wrong_account_type (test_extensions.ExtensionTests.test_wrong_account_type) ... ok
test_zero_padding_and_base_mint (test_extensions.ExtensionTests.test_zero_padding_and_base_mint) ... ok
test_changed_discriminator_and_trailing_data_rejected (test_fee_call.FeeCallTests.test_changed_discriminator_and_trailing_data_rejected) ... ok
test_extra_fee_calls_or_accounts_rejected (test_fee_call.FeeCallTests.test_extra_fee_calls_or_accounts_rejected) ... ok
test_market_cap_or_pool_kind_cannot_be_substituted (test_fee_call.FeeCallTests.test_market_cap_or_pool_kind_cannot_be_substituted) ... ok
test_no_trust_from_call_when_fee_totals_are_unverified (test_fee_call.FeeCallTests.test_no_trust_from_call_when_fee_totals_are_unverified) ... ok
test_original_public_call_depth_is_outside_router_profile (test_fee_call.FeeCallTests.test_original_public_call_depth_is_outside_router_profile) ... ok
test_other_caller_or_depth_rejected (test_fee_call.FeeCallTests.test_other_caller_or_depth_rejected) ... ok
test_public_fee_arguments_with_synthetic_direct_router_context (test_fee_call.FeeCallTests.test_public_fee_arguments_with_synthetic_direct_router_context) ... ok
test_invalid_fee_rate_rejected (test_fee_config.FeeConfigTests.test_invalid_fee_rate_rejected) ... ok
test_program_owned_mainnet_configuration_decodes_exactly (test_fee_config.FeeConfigTests.test_program_owned_mainnet_configuration_decodes_exactly) ... ok
test_truncation_not_defaulted_to_safe_configuration (test_fee_config.FeeConfigTests.test_truncation_not_defaulted_to_safe_configuration) ... ok
test_unknown_extra_bytes_rejected (test_fee_config.FeeConfigTests.test_unknown_extra_bytes_rejected) ... ok
test_wrong_program_rejected (test_fee_config.FeeConfigTests.test_wrong_program_rejected) ... ok
test_changed_config_and_unknown_rate_remain_unsupported (test_fee_split.FeeSplitTests.test_changed_config_and_unknown_rate_remain_unsupported) ... ok
test_missing_buyback_accounts_and_negative_totals_rejected (test_fee_split.FeeSplitTests.test_missing_buyback_accounts_and_negative_totals_rejected) ... ok
test_odd_fee_floors_buyback_and_keeps_remainder (test_fee_split.FeeSplitTests.test_odd_fee_floors_buyback_and_keeps_remainder) ... ok
test_same_total_with_diverted_split_is_rejected (test_fee_split.FeeSplitTests.test_same_total_with_diverted_split_is_rejected) ... ok
test_zero_and_even_totals (test_fee_split.FeeSplitTests.test_zero_and_even_totals) ... ok
test_conflicting_signature_is_quarantined (test_funding.FundingTests.test_conflicting_signature_is_quarantined) ... ok
test_duplicate_observations_do_not_inflate_funding (test_funding.FundingTests.test_duplicate_observations_do_not_inflate_funding) ... ok
test_earlier_slot_keeps_source_unknown (test_funding.FundingTests.test_earlier_slot_keeps_source_unknown) ... ok
test_failed_future_and_self_transfers_are_excluded (test_funding.FundingTests.test_failed_future_and_self_transfers_are_excluded) ... ok
test_funding_must_precede_all_observed_buys_in_first_slot (test_funding.FundingTests.test_funding_must_precede_all_observed_buys_in_first_slot) ... ok
test_later_same_slot_transfer_is_excluded_by_chain_order (test_funding.FundingTests.test_later_same_slot_transfer_is_excluded_by_chain_order) ... ok
test_missing_conflicting_or_malformed_proofs_never_promote_order (test_funding.FundingTests.test_missing_conflicting_or_malformed_proofs_never_promote_order) ... ok
test_persisted_block_position_resolves_prior_same_slot_transfer (test_funding.FundingTests.test_persisted_block_position_resolves_prior_same_slot_transfer) ... ok
test_same_second_later_slot_is_not_prebuy_funding (test_funding.FundingTests.test_same_second_later_slot_is_not_prebuy_funding) ... ok
test_same_slot_is_explicitly_ambiguous (test_funding.FundingTests.test_same_slot_is_explicitly_ambiguous) ... ok
test_same_transaction_is_not_resolved_by_block_position (test_funding.FundingTests.test_same_transaction_is_not_resolved_by_block_position) ... ok
test_split_transfers_cross_floor_in_aggregate (test_funding.FundingTests.test_split_transfers_cross_floor_in_aggregate) ... ok
test_unfinalized_observation_cannot_be_funding_evidence (test_funding.FundingTests.test_unfinalized_observation_cannot_be_funding_evidence) ... ok
test_unknown_time_and_invalid_amount_remain_unknown (test_funding.FundingTests.test_unknown_time_and_invalid_amount_remain_unknown) ... ok
test_both_pinned_migrations_preserve_original_historical_time_and_source (test_graduation_witness.GraduationWitnessTests.test_both_pinned_migrations_preserve_original_historical_time_and_source) ... ok
test_bounded_inputs_and_explicit_provenance (test_graduation_witness.GraduationWitnessTests.test_bounded_inputs_and_explicit_provenance) ... ok
test_compiled_keys_and_notification_use_existing_decoder (test_graduation_witness.GraduationWitnessTests.test_compiled_keys_and_notification_use_existing_decoder) ... ok
test_complete_event_is_not_migration_and_unknown_suffix_is_not_complete (test_graduation_witness.GraduationWitnessTests.test_complete_event_is_not_migration_and_unknown_suffix_is_not_complete) ... ok
test_conflicting_identity_and_failed_metadata_are_not_waived (test_graduation_witness.GraduationWitnessTests.test_conflicting_identity_and_failed_metadata_are_not_waived) ... ok
test_event_scope_authority_and_instruction_bindings (test_graduation_witness.GraduationWitnessTests.test_event_scope_authority_and_instruction_bindings) ... ok
test_failed_missing_future_and_wrong_block_times_never_guess (test_graduation_witness.GraduationWitnessTests.test_failed_missing_future_and_wrong_block_times_never_guess) ... ok
test_independently_bound_other_mint_migrations_remain_irrelevant (test_graduation_witness.GraduationWitnessTests.test_independently_bound_other_mint_migrations_remain_irrelevant) ... ok
test_legacy_sentinel_preserves_quote_and_arbitrary_quotes_still_reject (test_graduation_witness.GraduationWitnessTests.test_legacy_sentinel_preserves_quote_and_arbitrary_quotes_still_reject) ... ok
test_migrate_v2_native_sentinel_preserves_raw_quote_and_effective_pool_quote (test_graduation_witness.GraduationWitnessTests.test_migrate_v2_native_sentinel_preserves_raw_quote_and_effective_pool_quote) ... ok
test_sentinel_requires_success_complete_direct_event_and_every_binding (test_graduation_witness.GraduationWitnessTests.test_sentinel_requires_success_complete_direct_event_and_every_binding) ... ok
test_supplied_public_event_original_hash_layout_and_wsol_pool_binding (test_graduation_witness.GraduationWitnessTests.test_supplied_public_event_original_hash_layout_and_wsol_pool_binding) ... ok
test_wrong_mint_sibling_under_target_parent_blocks_both_migrations (test_graduation_witness.GraduationWitnessTests.test_wrong_mint_sibling_under_target_parent_blocks_both_migrations) ... ok
test_account_only_failed_attempt_and_duplicate_inner_paths_remain_observed (test_historical_controls.HistoricalControlInventoryTests.test_account_only_failed_attempt_and_duplicate_inner_paths_remain_observed) ... ok
test_close_and_reinitialization_syntax_never_infers_lifetime_success (test_historical_controls.HistoricalControlInventoryTests.test_close_and_reinitialization_syntax_never_infers_lifetime_success) ... ok
test_compiled_control_uses_existing_resolver_and_original_instruction_hash (test_historical_controls.HistoricalControlInventoryTests.test_compiled_control_uses_existing_resolver_and_original_instruction_hash) ... ok
test_conflicting_account_query_version_retained_without_lexical_resolution (test_historical_controls.HistoricalControlInventoryTests.test_conflicting_account_query_version_retained_without_lexical_resolution) ... ok
test_existing_thirteen_request_reference_gains_exact_initialization_witnesses (test_historical_controls.HistoricalControlInventoryTests.test_existing_thirteen_request_reference_gains_exact_initialization_witnesses) ... ok
test_malformed_parsed_representation_cannot_hide_valid_raw_control (test_historical_controls.HistoricalControlInventoryTests.test_malformed_parsed_representation_cannot_hide_valid_raw_control) ... ok
test_mint_and_frontier_mismatch_and_unknown_tags_remain_blockers (test_historical_controls.HistoricalControlInventoryTests.test_mint_and_frontier_mismatch_and_unknown_tags_remain_blockers) ... ok
test_missing_frontier_query_and_unbound_revision_never_supply_control_completeness (test_historical_controls.HistoricalControlInventoryTests.test_missing_frontier_query_and_unbound_revision_never_supply_control_completeness) ... ok
test_observed_control_field_cannot_bypass_sealed_source_consumer (test_historical_controls.HistoricalControlInventoryTests.test_observed_control_field_cannot_bypass_sealed_source_consumer) ... ok
test_omission_forged_summary_and_resource_exhaustion_never_approve (test_historical_controls.HistoricalControlInventoryTests.test_omission_forged_summary_and_resource_exhaustion_never_approve) ... ok
test_raw_normalized_controls_preserve_paths_and_both_representations (test_historical_controls.HistoricalControlInventoryTests.test_raw_normalized_controls_preserve_paths_and_both_representations) ... ok
test_raw_parsed_contradiction_retains_original_targets_and_blocks (test_historical_controls.HistoricalControlInventoryTests.test_raw_parsed_contradiction_retains_original_targets_and_blocks) ... ok
test_compiled_identity_and_missing_groups_do_not_guess_effect_order (test_historical_controls.PortableHistoricalSyntaxBoundaryTests.test_compiled_identity_and_missing_groups_do_not_guess_effect_order) ... ok
test_parsed_movement_cannot_hide_raw_control_or_missing_bytes (test_historical_controls.PortableHistoricalSyntaxBoundaryTests.test_parsed_movement_cannot_hide_raw_control_or_missing_bytes) ... ok
test_nonadjacent_cursor_cycle_across_restart (test_history.DurableHistoryTests.test_nonadjacent_cursor_cycle_across_restart) ... ok
test_partial_page_failure_rolls_back_records_and_cursor (test_history.DurableHistoryTests.test_partial_page_failure_rolls_back_records_and_cursor) ... ok
test_budget_limit_not_complete (test_history.HistoryTests.test_budget_limit_not_complete) ... ok
test_conflicting_signature (test_history.HistoryTests.test_conflicting_signature) ... ok
test_cursor_cycle (test_history.HistoryTests.test_cursor_cycle) ... ok
test_decode_gap_not_coverage (test_history.HistoryTests.test_decode_gap_not_coverage) ... ok
test_duplicate_page_is_not_clean (test_history.HistoryTests.test_duplicate_page_is_not_clean) ... ok
test_invalid_cursor (test_history.HistoryTests.test_invalid_cursor) ... ok
test_saved_page_can_be_replayed_by_report_hash (test_history.HistoryTests.test_saved_page_can_be_replayed_by_report_hash) ... ok
test_verified_address_query_never_whole_token (test_history.HistoryTests.test_verified_address_query_never_whole_token) ... ok
test_wrong_time (test_history.HistoryTests.test_wrong_time) ... ok
test_actual_main_admission_mismatch_is_redacted_before_io (test_history_first_paper_entry.HistoryFirstTests.test_actual_main_admission_mismatch_is_redacted_before_io) ... ok
test_charged_preparation_failure_latched_across_restart (test_history_first_paper_entry.HistoryFirstTests.test_charged_preparation_failure_latched_across_restart) ... ok
test_dry_run_no_credentials_no_history_or_provider_spend (test_history_first_paper_entry.HistoryFirstTests.test_dry_run_no_credentials_no_history_or_provider_spend) ... ok
test_live_known_hazard_no_credentials_history_charge_or_pending (test_history_first_paper_entry.HistoryFirstTests.test_live_known_hazard_no_credentials_history_charge_or_pending) ... ok
test_normal_clock_mock_http_history_then_usd_late_buy (test_history_first_paper_entry.HistoryFirstTests.test_normal_clock_mock_http_history_then_usd_late_buy) ... ok
test_pacer_required_and_live_synthetic_refused_before_credentials (test_history_first_paper_entry.HistoryFirstTests.test_pacer_required_and_live_synthetic_refused_before_credentials) ... ok
test_wrong_config_runtime_checkpoint_pending_refuse_before_credentials_history (test_history_first_paper_entry.HistoryFirstTests.test_wrong_config_runtime_checkpoint_pending_refuse_before_credentials_history) ... ok
test_wrong_ledger_and_open_positions_refuse_before_provider (test_history_first_paper_entry.HistoryFirstTests.test_wrong_ledger_and_open_positions_refuse_before_provider) ... ok
test_history_first_rejects_mixed_or_held_mode_before_work (test_history_locked_ordering.LockedHistoryTests.test_history_first_rejects_mixed_or_held_mode_before_work) ... ok
test_native_eight_second_history_delay_stays_stale (test_history_locked_ordering.LockedHistoryTests.test_native_eight_second_history_delay_stays_stale) ... ok
test_native_slow_gate_entry_monitor_full_exit (test_history_locked_ordering.LockedHistoryTests.test_native_slow_gate_entry_monitor_full_exit) ... ok
test_duplicate_attempt_conflict_and_partial_publication_block (test_history_preparation_phase.PreparationTests.test_duplicate_attempt_conflict_and_partial_publication_block) ... ok
test_fresh_context_without_pass_table_has_no_rejection (test_history_preparation_phase.PreparationTests.test_fresh_context_without_pass_table_has_no_rejection) ... ok
test_global_gate_dropped_rejection_table_cannot_erase_retirement (test_history_preparation_phase.PreparationTests.test_global_gate_dropped_rejection_table_cannot_erase_retirement) ... ok
test_global_gate_retirement_and_unrelated_scan (test_history_preparation_phase.PreparationTests.test_global_gate_retirement_and_unrelated_scan) ... ok
test_historical_v2_three_full_pages_replay_original_aggregate_rejection (test_history_preparation_phase.PreparationTests.test_historical_v2_three_full_pages_replay_original_aggregate_rejection) ... ok
test_missing_attempt_and_changed_ledger_never_publish (test_history_preparation_phase.PreparationTests.test_missing_attempt_and_changed_ledger_never_publish) ... ok
test_native_clock_preparation_can_exceed_fresh_ten_seconds (test_history_preparation_phase.PreparationTests.test_native_clock_preparation_can_exceed_fresh_ten_seconds) ... ok
test_receipt_ledger_contention_and_existing_lock_passthrough (test_history_preparation_phase.PreparationTests.test_receipt_ledger_contention_and_existing_lock_passthrough) ... ok
test_record_limit_and_raw_corruption_block_no_false_disposition (test_history_preparation_phase.PreparationTests.test_record_limit_and_raw_corruption_block_no_false_disposition) ... ok
test_replay_and_global_gate_reject_later_charge (test_history_preparation_phase.PreparationTests.test_replay_and_global_gate_reject_later_charge) ... ok
test_seven_fresh_requests_reserved_before_sixth_page (test_history_preparation_phase.PreparationTests.test_seven_fresh_requests_reserved_before_sixth_page) ... ok
test_budget_identity_cannot_be_reset_or_rebound (test_history_progress.HistoryProgressTests.test_budget_identity_cannot_be_reset_or_rebound) ... ok
test_budget_is_shared_across_accounts_and_survives_reopen (test_history_progress.HistoryProgressTests.test_budget_is_shared_across_accounts_and_survives_reopen) ... ok
test_concurrent_worker_does_not_reserve_request (test_history_progress.HistoryProgressTests.test_concurrent_worker_does_not_reserve_request) ... ok
test_corrupt_cached_coverage_does_not_spend_or_call (test_history_progress.HistoryProgressTests.test_corrupt_cached_coverage_does_not_spend_or_call) ... ok
test_cursor_cycle_is_retained_as_gap (test_history_progress.HistoryProgressTests.test_cursor_cycle_is_retained_as_gap) ... ok
test_database_backup_preserves_cursor_and_spent_budget (test_history_progress.HistoryProgressTests.test_database_backup_preserves_cursor_and_spent_budget) ... ok
test_failure_consumes_budget_and_keeps_checkpoint (test_history_progress.HistoryProgressTests.test_failure_consumes_budget_and_keeps_checkpoint) ... ok
test_restart_uses_saved_cursor_and_never_refetches_first_page (test_history_progress.HistoryProgressTests.test_restart_uses_saved_cursor_and_never_refetches_first_page) ... ok
test_chunked_history_guarded_entry_runtime_receipt_and_monitoring_restart (test_history_runtime_composition.HistoryRuntimeCompositionTests.test_chunked_history_guarded_entry_runtime_receipt_and_monitoring_restart) ... ok
test_invalid_chunked_history_retains_charge_and_blocks_restart_without_retry (test_history_runtime_composition.HistoryRuntimeCompositionTests.test_invalid_chunked_history_retains_charge_and_blocks_restart_without_retry) ... ok
test_native_quote_acquisition_completion_boundary_preserves_entry_exit (test_history_runtime_composition.HistoryRuntimeCompositionTests.test_native_quote_acquisition_completion_boundary_preserves_entry_exit) ... ok
test_raw_fee_lp_entry_sell_restart_preserves_runtime_receipts (test_history_runtime_composition.HistoryRuntimeCompositionTests.test_raw_fee_lp_entry_sell_restart_preserves_runtime_receipts) ... ok
test_reviewed_terminal_a_unblocks_distinct_b_wrapper_sell_restart (test_history_runtime_composition.HistoryRuntimeCompositionTests.test_reviewed_terminal_a_unblocks_distinct_b_wrapper_sell_restart) ... ok
test_synthetic_sentinel_entry_exit_continuation_preserves_originals (test_history_runtime_composition.HistoryRuntimeCompositionTests.test_synthetic_sentinel_entry_exit_continuation_preserves_originals) ... ok
test_commingled_unseeded_holdings_against_unique_token_subset_oracle (test_holder_exposure_e2e.HolderExposureEndToEndTests.test_commingled_unseeded_holdings_against_unique_token_subset_oracle) ... ok
test_conflicting_first_slot_buy_finality_remains_unresolved_in_both_orders (test_holder_exposure_e2e.HolderExposureEndToEndTests.test_conflicting_first_slot_buy_finality_remains_unresolved_in_both_orders) ... ok
test_conflicting_same_slot_buy_points_never_choose_convenient_query (test_holder_exposure_e2e.HolderExposureEndToEndTests.test_conflicting_same_slot_buy_points_never_choose_convenient_query) ... ok
test_partial_funding_pages_preserve_observed_fragments_without_full_control_claim (test_holder_exposure_e2e.HolderExposureEndToEndTests.test_partial_funding_pages_preserve_observed_fragments_without_full_control_claim) ... ok
test_partial_saved_history_cannot_be_promoted_by_matching_ending_balances (test_holder_exposure_e2e.HolderExposureEndToEndTests.test_partial_saved_history_cannot_be_promoted_by_matching_ending_balances) ... ok
test_persisted_early_acquisition_ordered_split_cycle_to_current_oracle (test_holder_exposure_e2e.HolderExposureEndToEndTests.test_persisted_early_acquisition_ordered_split_cycle_to_current_oracle) ... ok
test_same_slot_funding_unknown_order_cannot_manufacture_material_group (test_holder_exposure_e2e.HolderExposureEndToEndTests.test_same_slot_funding_unknown_order_cannot_manufacture_material_group) ... ok
test_same_slot_transfer_positions_without_unique_order_are_rejected (test_holder_exposure_e2e.HolderExposureEndToEndTests.test_same_slot_transfer_positions_without_unique_order_are_rejected) ... ok
test_service_hub_retains_downstream_unknown_and_oracle_raw_balances (test_holder_exposure_e2e.HolderExposureEndToEndTests.test_service_hub_retains_downstream_unknown_and_oracle_raw_balances) ... ok
test_zero_acquisition_seed_cannot_bypass_missing_cohort_gate (test_holder_exposure_e2e.HolderExposureEndToEndTests.test_zero_acquisition_seed_cannot_bypass_missing_cohort_gate) ... ok
test_bad_capture_hash_rejected (test_holder_snapshot.HolderSnapshotTests.test_bad_capture_hash_rejected) ... ok
test_balance_changed_since_index_is_unknown (test_holder_snapshot.HolderSnapshotTests.test_balance_changed_since_index_is_unknown) ... ok
test_budget_never_expands_to_multiple_snapshots (test_holder_snapshot.HolderSnapshotTests.test_budget_never_expands_to_multiple_snapshots) ... ok
test_delegate_with_zero_allowance_is_visible (test_holder_snapshot.HolderSnapshotTests.test_delegate_with_zero_allowance_is_visible) ... ok
test_mainnet_single_bank_snapshot_replay (test_holder_snapshot.HolderSnapshotTests.test_mainnet_single_bank_snapshot_replay) ... ok
test_one_context_checks_mint_and_every_account (test_holder_snapshot.HolderSnapshotTests.test_one_context_checks_mint_and_every_account) ... ok
test_owner_change_rejected (test_holder_snapshot.HolderSnapshotTests.test_owner_change_rejected) ... ok
test_raw_response_and_request_are_replayable (test_holder_snapshot.HolderSnapshotTests.test_raw_response_and_request_are_replayable) ... ok
test_slot_gap_rejected (test_holder_snapshot.HolderSnapshotTests.test_slot_gap_rejected) ... ok
test_supply_burn_between_reads_rejected (test_holder_snapshot.HolderSnapshotTests.test_supply_burn_between_reads_rejected) ... ok
test_unpersisted_snapshot_cannot_verify_live_coverage (test_holder_snapshot.HolderSnapshotTests.test_unpersisted_snapshot_cannot_verify_live_coverage) ... ok
test_unverified_index_does_not_call_provider (test_holder_snapshot.HolderSnapshotTests.test_unverified_index_does_not_call_provider) ... ok
test_amount_precision_and_boolean_rejection (test_holders.HolderTests.test_amount_precision_and_boolean_rejection) ... ok
test_budget_exhausted_does_not_claim_full_history (test_holders.HolderTests.test_budget_exhausted_does_not_claim_full_history) ... ok
test_delegate_overflow_rejected (test_holders.HolderTests.test_delegate_overflow_rejected) ... ok
test_duplicate_accounts_never_double_count (test_holders.HolderTests.test_duplicate_accounts_never_double_count) ... ok
test_indexed_coverage_is_not_atomic_snapshot (test_holders.HolderTests.test_indexed_coverage_is_not_atomic_snapshot) ... ok
test_missing_delegation_not_assumed_zero (test_holders.HolderTests.test_missing_delegation_not_assumed_zero) ... ok
test_null_delegation_remains_unknown (test_holders.HolderTests.test_null_delegation_remains_unknown) ... ok
test_reconciled_two_page_supply (test_holders.HolderTests.test_reconciled_two_page_supply) ... ok
test_supply_drift_and_slot_drift_fail_closed (test_holders.HolderTests.test_supply_drift_and_slot_drift_fail_closed) ... ok
test_wrong_mint_rejected (test_holders.HolderTests.test_wrong_mint_rejected) ... ok
test_bad_account_index (test_instructions.InstructionTests.test_bad_account_index) ... ok
test_close_to_attacker (test_instructions.InstructionTests.test_close_to_attacker) ... ok
test_cpi_parent_context_tracks_depth_and_sibling_return (test_instructions.InstructionTests.test_cpi_parent_context_tracks_depth_and_sibling_return) ... ok
test_duplicate_inner_group_rejected (test_instructions.InstructionTests.test_duplicate_inner_group_rejected) ... ok
test_hidden_cpi_authority_change_rejected (test_instructions.InstructionTests.test_hidden_cpi_authority_change_rejected) ... ok
test_missing_inner_metadata_is_not_clean (test_instructions.InstructionTests.test_missing_inner_metadata_is_not_clean) ... ok
test_missing_stack_height_cannot_establish_caller (test_instructions.InstructionTests.test_missing_stack_height_cannot_establish_caller) ... ok
test_outer_delegate_approval_rejected (test_instructions.InstructionTests.test_outer_delegate_approval_rejected) ... ok
test_parsed_cpi_approval_is_rejected (test_instructions.InstructionTests.test_parsed_cpi_approval_is_rejected) ... ok
test_real_unsigned_simulation_replays_all_instruction_formats (test_instructions.InstructionTests.test_real_unsigned_simulation_replays_all_instruction_formats) ... ok
test_resolved_inner_account_must_exist_in_message (test_instructions.InstructionTests.test_resolved_inner_account_must_exist_in_message) ... ok
test_stack_jump_does_not_invent_intermediate_caller (test_instructions.InstructionTests.test_stack_jump_does_not_invent_intermediate_caller) ... ok
test_system_assign_rejected (test_instructions.InstructionTests.test_system_assign_rejected) ... ok
test_transfer_is_inventory_only_not_route_approval (test_instructions.InstructionTests.test_transfer_is_inventory_only_not_route_approval) ... ok
test_truncated_transfer_rejected (test_instructions.InstructionTests.test_truncated_transfer_rejected) ... ok
test_unexpected_program (test_instructions.InstructionTests.test_unexpected_program) ... ok
test_unknown_parsed_operation_never_disappears (test_instructions.InstructionTests.test_unknown_parsed_operation_never_disappears) ... ok
test_known_local_failure_records_no_entry_and_no_retry (test_intake_deadline.DispatchDeadlineTests.test_known_local_failure_records_no_entry_and_no_retry) ... ok
test_missing_or_rehashed_unknown_outcome_cannot_replay (test_intake_deadline.DispatchDeadlineTests.test_missing_or_rehashed_unknown_outcome_cannot_replay) ... ok
test_successful_first_page_then_local_deadline_publishes_no_entry (test_intake_deadline.DispatchDeadlineTests.test_successful_first_page_then_local_deadline_publishes_no_entry) ... ok
test_wrong_evidence_class_is_not_a_local_disposition (test_intake_deadline.DispatchDeadlineTests.test_wrong_evidence_class_is_not_a_local_disposition) ... ok
test_delayed_local_guard_does_not_consume_provider_window (test_intake_deadline.IntakeDeadlineTests.test_delayed_local_guard_does_not_consume_provider_window) ... ok
test_expired_reserved_adapter_records_local_failure_not_response (test_intake_deadline.IntakeDeadlineTests.test_expired_reserved_adapter_records_local_failure_not_response) ... ok
test_expiry_between_pages_preserves_captured_page_and_local_charge (test_intake_deadline.IntakeDeadlineTests.test_expiry_between_pages_preserves_captured_page_and_local_charge) ... ok
test_guard_failure_has_no_reservation_or_transport (test_intake_deadline.IntakeDeadlineTests.test_guard_failure_has_no_reservation_or_transport) ... ok
test_any_captured_fifth_blocks (test_intake_uncaptured_retirement.IntakeRetirementTests.test_any_captured_fifth_blocks) ... ok
test_empty_pin_refuses (test_intake_uncaptured_retirement.IntakeRetirementTests.test_empty_pin_refuses) ... ok
test_guard_schema_and_oversize_before_parse (test_intake_uncaptured_retirement.IntakeRetirementTests.test_guard_schema_and_oversize_before_parse) ... ok
test_missing_installed_table_blocks (test_intake_uncaptured_retirement.IntakeRetirementTests.test_missing_installed_table_blocks) ... ok
test_other_unresolved_intent_refuses (test_intake_uncaptured_retirement.IntakeRetirementTests.test_other_unresolved_intent_refuses) ... ok
test_pending_pacer_refuses (test_intake_uncaptured_retirement.IntakeRetirementTests.test_pending_pacer_refuses) ... ok
test_predecessor_option_cannot_apply (test_intake_uncaptured_retirement.IntakeRetirementTests.test_predecessor_option_cannot_apply) ... ok
test_real_equal_plan_append_preserves_originals_and_restart (test_intake_uncaptured_retirement.IntakeRetirementTests.test_real_equal_plan_append_preserves_originals_and_restart) ... ok
test_rollback_partial_schema (test_intake_uncaptured_retirement.IntakeRetirementTests.test_rollback_partial_schema) ... ok
test_unknown_reservation_cannot_be_refunded_or_advanced (test_intake_uncaptured_retirement.IntakeRetirementTests.test_unknown_reservation_cannot_be_refunded_or_advanced) ... ok
test_acquisition_admission_is_immutable_and_ordinary_scanner_skips_it (test_job_persistence.JobPersistenceTests.test_acquisition_admission_is_immutable_and_ordinary_scanner_skips_it) ... ok
test_concurrent_process_admission_shares_pending_identity (test_job_persistence.JobPersistenceTests.test_concurrent_process_admission_shares_pending_identity) ... ok
test_concurrent_screen_and_acquisition_share_last_daily_admission (test_job_persistence.JobPersistenceTests.test_concurrent_screen_and_acquisition_share_last_daily_admission) ... ok
test_concurrent_screen_and_acquisition_share_last_queue_slot (test_job_persistence.JobPersistenceTests.test_concurrent_screen_and_acquisition_share_last_queue_slot) ... ok
test_corrupt_or_exhausted_generation_blocks_only_bad_job (test_job_persistence.JobPersistenceTests.test_corrupt_or_exhausted_generation_blocks_only_bad_job) ... ok
test_corrupt_screen_descriptor_does_not_reach_scanner (test_job_persistence.JobPersistenceTests.test_corrupt_screen_descriptor_does_not_reach_scanner) ... ok
test_day_budget_keeps_failed_and_interrupted_both_kinds (test_job_persistence.JobPersistenceTests.test_day_budget_keeps_failed_and_interrupted_both_kinds) ... ok
test_descriptor_insert_failure_rolls_back_admission (test_job_persistence.JobPersistenceTests.test_descriptor_insert_failure_rolls_back_admission) ... ok
test_fork_cleanup_cannot_release_parent_worker_lock (test_job_persistence.JobPersistenceTests.test_fork_cleanup_cannot_release_parent_worker_lock) ... ok
test_hardlinked_database_and_lock_and_evidence_are_rejected (test_job_persistence.JobPersistenceTests.test_hardlinked_database_and_lock_and_evidence_are_rejected) ... ok
test_interrupted_claim_generation_fences_old_publisher (test_job_persistence.JobPersistenceTests.test_interrupted_claim_generation_fences_old_publisher) ... ok
test_killed_process_is_interrupted_once_without_replaying_scan (test_job_persistence.JobPersistenceTests.test_killed_process_is_interrupted_once_without_replaying_scan) ... ok
test_legacy_migration_and_marker_roll_back_together (test_job_persistence.JobPersistenceTests.test_legacy_migration_and_marker_roll_back_together) ... ok
test_live_process_constructor_duplicate_and_competing_claim_are_safe (test_job_persistence.JobPersistenceTests.test_live_process_constructor_duplicate_and_competing_claim_are_safe) ... ok
test_migration_defaults_legacy_to_screen_preserving_completed_bytes (test_job_persistence.JobPersistenceTests.test_migration_defaults_legacy_to_screen_preserving_completed_bytes) ... ok
test_migration_marker_plain_sql_changes_are_rejected (test_job_persistence.JobPersistenceTests.test_migration_marker_plain_sql_changes_are_rejected) ... ok
test_non_object_descriptors_block_only_corrupt_jobs_not_later_valid_work (test_job_persistence.JobPersistenceTests.test_non_object_descriptors_block_only_corrupt_jobs_not_later_valid_work) ... ok
test_one_time_migration_does_not_infer_screen_for_later_missing_metadata (test_job_persistence.JobPersistenceTests.test_one_time_migration_does_not_infer_screen_for_later_missing_metadata) ... ok
test_plain_connection_replace_by_rowid_cannot_remove_another_identity (test_job_persistence.JobPersistenceTests.test_plain_connection_replace_by_rowid_cannot_remove_another_identity) ... ok
test_plain_connection_replace_cannot_rebind_admitted_identity (test_job_persistence.JobPersistenceTests.test_plain_connection_replace_cannot_rebind_admitted_identity) ... ok
test_rowid_update_aliases_reject_collision_and_identity_moves_across_reopen (test_job_persistence.JobPersistenceTests.test_rowid_update_aliases_reject_collision_and_identity_moves_across_reopen) ... ok
test_shared_duplicate_and_queue_limits_include_acquisitions (test_job_persistence.JobPersistenceTests.test_shared_duplicate_and_queue_limits_include_acquisitions) ... ok
test_stale_token_generation_and_terminal_publication_cannot_overwrite (test_job_persistence.JobPersistenceTests.test_stale_token_generation_and_terminal_publication_cannot_overwrite) ... ok
test_symlink_and_relative_aliases_share_worker_lock_and_sqlite_identity (test_job_persistence.JobPersistenceTests.test_symlink_and_relative_aliases_share_worker_lock_and_sqlite_identity) ... ok
test_unknown_kind_and_version_block_dispatch_and_consume_capacity (test_job_persistence.JobPersistenceTests.test_unknown_kind_and_version_block_dispatch_and_consume_capacity) ... ok
test_upgrade_without_marker_does_not_backfill_existing_dispatch_database (test_job_persistence.JobPersistenceTests.test_upgrade_without_marker_does_not_backfill_existing_dispatch_database) ... ok
test_entry_held_exit_restart_accounting_and_originals (test_kraken_lifecycle.KrakenLifecycleTests.test_entry_held_exit_restart_accounting_and_originals) ... ok
test_entry_saved_valuation_tampering_and_missing_version_refuse_read_and_duplicate (test_kraken_lifecycle.KrakenLifecycleTests.test_entry_saved_valuation_tampering_and_missing_version_refuse_read_and_duplicate) ... ok
test_partial_full_exit_preserves_investigation_basis_and_monitoring_charges (test_kraken_lifecycle.KrakenLifecycleTests.test_partial_full_exit_preserves_investigation_basis_and_monitoring_charges) ... ok
test_ambiguous_missing_pacer_and_bodyless_http_error_preserve_failure (test_kraken_transport.KrakenTransportTests.test_ambiguous_missing_pacer_and_bodyless_http_error_preserve_failure) ... ok
test_http429_and_provider_error_retain_charge_raw_and_backoff (test_kraken_transport.KrakenTransportTests.test_http429_and_provider_error_retain_charge_raw_and_backoff) ... ok
test_invalid_provider_shapes_nonpositive_future_stale_and_oversize_retain_failure (test_kraken_transport.KrakenTransportTests.test_invalid_provider_shapes_nonpositive_future_stale_and_oversize_retain_failure) ... ok
test_raw_timestamp_fraction_no_key_and_consecutive_shared_cadence (test_kraken_transport.KrakenTransportTests.test_raw_timestamp_fraction_no_key_and_consecutive_shared_cadence) ... ok
test_retained_kraken_ref_reparse_without_io_and_legacy_triple_unchanged (test_kraken_transport.KrakenTransportTests.test_retained_kraken_ref_reparse_without_io_and_legacy_triple_unchanged) ... ok
test_archived_old_pacer_refuses_new_table_without_state_mutation (test_kraken_usd.KrakenPacingTests.test_archived_old_pacer_refuses_new_table_without_state_mutation) ... ok
test_explicit_migration_preserves_nonzero_state_replay_and_shared_two_second_cadence (test_kraken_usd.KrakenPacingTests.test_explicit_migration_preserves_nonzero_state_replay_and_shared_two_second_cadence) ... ok
test_migration_guard_corruption_lower_cadence_and_failed_publication_refuse (test_kraken_usd.KrakenPacingTests.test_migration_guard_corruption_lower_cadence_and_failed_publication_refuse) ... ok
test_pending_refuses_and_partial_guardless_migration_refuses (test_kraken_usd.KrakenPacingTests.test_pending_refuses_and_partial_guardless_migration_refuses) ... ok
test_duplicate_error_nonpositive_wrong_pair_and_malformed_numeric_reject (test_kraken_usd.KrakenUsdTests.test_duplicate_error_nonpositive_wrong_pair_and_malformed_numeric_reject) ... ok
test_exact_decimal_recent_trade_no_slot_and_age_boundaries (test_kraken_usd.KrakenUsdTests.test_exact_decimal_recent_trade_no_slot_and_age_boundaries) ... ok
test_version_config_default_and_malformed_optins (test_kraken_usd.KrakenUsdTests.test_version_config_default_and_malformed_optins) ... ok
test_confirmed_stream_is_not_finalized (test_launch.LaunchTests.test_confirmed_stream_is_not_finalized) ... ok
test_corroborated_creation_only (test_launch.LaunchTests.test_corroborated_creation_only) ... ok
test_event_from_different_instruction (test_launch.LaunchTests.test_event_from_different_instruction) ... ok
test_missing_chain_time (test_launch.LaunchTests.test_missing_chain_time) ... ok
test_missing_initialization (test_launch.LaunchTests.test_missing_initialization) ... ok
test_spoofed_curve (test_launch.LaunchTests.test_spoofed_curve) ... ok
test_unknown_event_suffix (test_launch.LaunchTests.test_unknown_event_suffix) ... ok
test_account_and_mint_roles_cannot_alias_through_extra_json_fields (test_legacy_controls.LegacyControlNormalizerTests.test_account_and_mint_roles_cannot_alias_through_extra_json_fields) ... ok
test_all_four_authority_roles_none_and_key_are_distinct (test_legacy_controls.LegacyControlNormalizerTests.test_all_four_authority_roles_none_and_key_are_distinct) ... ok
test_amounts_and_decimals_are_integer_exact_not_ui_values (test_legacy_controls.LegacyControlNormalizerTests.test_amounts_and_decimals_are_integer_exact_not_ui_values) ... ok
test_caller_and_order_context_is_structural_not_approval (test_legacy_controls.LegacyControlNormalizerTests.test_caller_and_order_context_is_structural_not_approval) ... ok
test_every_required_parsed_field_has_explicit_presence_check (test_legacy_controls.LegacyControlNormalizerTests.test_every_required_parsed_field_has_explicit_presence_check) ... ok
test_exact_account_counts_reject_extra_signer_accounts (test_legacy_controls.LegacyControlNormalizerTests.test_exact_account_counts_reject_extra_signer_accounts) ... ok
test_exact_supported_byte_and_parsed_profiles_keep_bindings (test_legacy_controls.LegacyControlNormalizerTests.test_exact_supported_byte_and_parsed_profiles_keep_bindings) ... ok
test_explicit_new_key_cannot_be_replaced_with_null (test_legacy_controls.LegacyControlNormalizerTests.test_explicit_new_key_cannot_be_replaced_with_null) ... ok
test_extension_requests_are_an_exact_two_shape_profile (test_legacy_controls.LegacyControlNormalizerTests.test_extension_requests_are_an_exact_two_shape_profile) ... ok
test_inputs_and_reference_pins_cannot_be_mutated_through_output (test_legacy_controls.LegacyControlNormalizerTests.test_inputs_and_reference_pins_cannot_be_mutated_through_output) ... ok
test_instruction_option_is_one_byte_not_account_coption (test_legacy_controls.LegacyControlNormalizerTests.test_instruction_option_is_one_byte_not_account_coption) ... ok
test_legacy_immutable_owner_rule_is_conditional_noop_not_state_proof (test_legacy_controls.LegacyControlNormalizerTests.test_legacy_immutable_owner_rule_is_conditional_noop_not_state_proof) ... ok
test_malformed_flags_addresses_and_unresolved_indices_do_not_coerce (test_legacy_controls.LegacyControlNormalizerTests.test_malformed_flags_addresses_and_unresolved_indices_do_not_coerce) ... ok
test_malformed_parsed_shapes_and_null_required_values_fail (test_legacy_controls.LegacyControlNormalizerTests.test_malformed_parsed_shapes_and_null_required_values_fail) ... ok
test_missing_new_authority_cannot_become_explicit_null (test_legacy_controls.LegacyControlNormalizerTests.test_missing_new_authority_cannot_become_explicit_null) ... ok
test_only_diagnostic_history_helper_may_import_the_foundation (test_legacy_controls.LegacyControlNormalizerTests.test_only_diagnostic_history_helper_may_import_the_foundation) ... ok
test_optional_extension_request_presence_is_not_invented (test_legacy_controls.LegacyControlNormalizerTests.test_optional_extension_request_presence_is_not_invented) ... ok
test_parsed_only_never_claims_exact_raw_layout (test_legacy_controls.LegacyControlNormalizerTests.test_parsed_only_never_claims_exact_raw_layout) ... ok
test_public_parsed_only_controls_keep_provenance_and_remain_incomplete (test_legacy_controls.LegacyControlNormalizerTests.test_public_parsed_only_controls_keep_provenance_and_remain_incomplete) ... ok
test_pure_function_does_not_read_files_or_call_transport (test_legacy_controls.LegacyControlNormalizerTests.test_pure_function_does_not_read_files_or_call_transport) ... ok
test_raw_only_is_distinct_from_malformed_supplied_parsed (test_legacy_controls.LegacyControlNormalizerTests.test_raw_only_is_distinct_from_malformed_supplied_parsed) ... ok
test_raw_parsed_target_authority_and_delegate_substitutions_rejected (test_legacy_controls.LegacyControlNormalizerTests.test_raw_parsed_target_authority_and_delegate_substitutions_rejected) ... ok
test_resolved_signer_flags_are_preserved_without_pda_authentication (test_legacy_controls.LegacyControlNormalizerTests.test_resolved_signer_flags_are_preserved_without_pda_authentication) ... ok
test_restored_controls_keep_separate_instruction_witnesses (test_legacy_controls.LegacyControlNormalizerTests.test_restored_controls_keep_separate_instruction_witnesses) ... ok
test_token2022_and_unknown_programs_never_inherit_legacy_decoding (test_legacy_controls.LegacyControlNormalizerTests.test_token2022_and_unknown_programs_never_inherit_legacy_decoding) ... ok
test_truncation_and_suffixes_never_silently_disappear (test_legacy_controls.LegacyControlNormalizerTests.test_truncation_and_suffixes_never_silently_disappear) ... ok
test_unknown_instruction_tags_and_multisig_are_retained_and_rejected (test_legacy_controls.LegacyControlNormalizerTests.test_unknown_instruction_tags_and_multisig_are_retained_and_rejected) ... ok
test_unknown_roles_and_json_case_aliases_are_not_legacy_roles (test_legacy_controls.LegacyControlNormalizerTests.test_unknown_roles_and_json_case_aliases_are_not_legacy_roles) ... ok
test_zero_and_maximum_approvals_are_not_safe_classifications (test_legacy_controls.LegacyControlNormalizerTests.test_zero_and_maximum_approvals_are_not_safe_classifications) ... ok
test_exact_dependency_bytes_and_identical_original_decline_golden (test_legacy_decoder_rollover.LegacyDecoderRolloverTests.test_exact_dependency_bytes_and_identical_original_decline_golden) ... ok
test_unknown_dependency_still_refuses_no_fallback_allowlist (test_legacy_decoder_rollover.LegacyDecoderRolloverTests.test_unknown_dependency_still_refuses_no_fallback_allowlist) ... ok
test_every_outer_binding_and_event_quote_remains_mandatory (test_legacy_migration_sentinel.LegacyMigrationSentinelTests.test_every_outer_binding_and_event_quote_remains_mandatory) ... ok
test_unchanged_retained_event_excerpt_matches_pinned_schema (test_legacy_migration_sentinel.LegacyMigrationSentinelTests.test_unchanged_retained_event_excerpt_matches_pinned_schema) ... ok
test_adverse_witnesses_survive_early_create_failure_and_issuance_after_revoke (test_legacy_pump_birth.LegacyPumpBirthTests.test_adverse_witnesses_survive_early_create_failure_and_issuance_after_revoke) ... ok
test_ata_noop_queries_owner_and_target_sequence_not_generic_flags (test_legacy_pump_birth.LegacyPumpBirthTests.test_ata_noop_queries_owner_and_target_sequence_not_generic_flags) ... ok
test_conditional_irreversibility_is_not_actual_state_proof (test_legacy_pump_birth.LegacyPumpBirthTests.test_conditional_irreversibility_is_not_actual_state_proof) ... ok
test_create_account_role_substitutions_and_aliases (test_legacy_pump_birth.LegacyPumpBirthTests.test_create_account_role_substitutions_and_aliases) ... ok
test_external_distribution_before_birth_wrong_recipient_and_extra_signers (test_legacy_pump_birth.LegacyPumpBirthTests.test_external_distribution_before_birth_wrong_recipient_and_extra_signers) ... ok
test_forged_authentication_finality_and_effect_flags_no_elevation (test_legacy_pump_birth.LegacyPumpBirthTests.test_forged_authentication_finality_and_effect_flags_no_elevation) ... ok
test_header_extra_missing_signers_readonly_flags_and_envelope (test_legacy_pump_birth.LegacyPumpBirthTests.test_header_extra_missing_signers_readonly_flags_and_envelope) ... ok
test_malformed_old_create_args_and_unsupported_modern_suffix (test_legacy_pump_birth.LegacyPumpBirthTests.test_malformed_old_create_args_and_unsupported_modern_suffix) ... ok
test_malformed_or_contradictory_balance_metadata (test_legacy_pump_birth.LegacyPumpBirthTests.test_malformed_or_contradictory_balance_metadata) ... ok
test_metadata_and_event_are_retained_opaque_without_schema_exception (test_legacy_pump_birth.LegacyPumpBirthTests.test_metadata_and_event_are_retained_opaque_without_schema_exception) ... ok
test_mint_allocation_size_owner_extra_accounts_duplicate_and_caller (test_legacy_pump_birth.LegacyPumpBirthTests.test_mint_allocation_size_owner_extra_accounts_duplicate_and_caller) ... ok
test_missing_depth_and_metadata_cannot_match_or_accept (test_legacy_pump_birth.LegacyPumpBirthTests.test_missing_depth_and_metadata_cannot_match_or_accept) ... ok
test_missing_duplicate_nested_create_and_token2022_distinction (test_legacy_pump_birth.LegacyPumpBirthTests.test_missing_duplicate_nested_create_and_token2022_distinction) ... ok
test_missing_duplicate_reordered_revocation_or_initializer (test_legacy_pump_birth.LegacyPumpBirthTests.test_missing_duplicate_reordered_revocation_or_initializer) ... ok
test_parsed_only_adverse_control_and_explicit_none_omission (test_legacy_pump_birth.LegacyPumpBirthTests.test_parsed_only_adverse_control_and_explicit_none_omission) ... ok
test_pinned_interface_is_not_provenance_for_old_arguments_or_supply (test_legacy_pump_birth.LegacyPumpBirthTests.test_pinned_interface_is_not_provenance_for_old_arguments_or_supply) ... ok
test_pure_no_transport_files_or_production_consumers (test_legacy_pump_birth.LegacyPumpBirthTests.test_pure_no_transport_files_or_production_consumers) ... ok
test_raw_init_mint_no_freeze_exact_authority_decimals_and_length (test_legacy_pump_birth.LegacyPumpBirthTests.test_raw_init_mint_no_freeze_exact_authority_decimals_and_length) ... ok
test_redirected_issuance_wrong_authority_supply_extra_signers_and_suffix (test_legacy_pump_birth.LegacyPumpBirthTests.test_redirected_issuance_wrong_authority_supply_extra_signers_and_suffix) ... ok
test_revocation_role_target_authority_none_extra_signers_and_trailing (test_legacy_pump_birth.LegacyPumpBirthTests.test_revocation_role_target_authority_none_extra_signers_and_trailing) ... ok
test_signer_header_parsed_key_disagreement (test_legacy_pump_birth.LegacyPumpBirthTests.test_signer_header_parsed_key_disagreement) ... ok
test_transient_approve_revoke_owner_close_freeze_thaw_all_retained (test_legacy_pump_birth.LegacyPumpBirthTests.test_transient_approve_revoke_owner_close_freeze_thaw_all_retained) ... ok
test_unchanged_reference_matches_only_structural_profile (test_legacy_pump_birth.LegacyPumpBirthTests.test_unchanged_reference_matches_only_structural_profile) ... ok
test_wrong_direct_cpi_parent_cannot_use_outer_prefix (test_legacy_pump_birth.LegacyPumpBirthTests.test_wrong_direct_cpi_parent_cannot_use_outer_prefix) ... ok
test_finality_and_acceptance_are_explicitly_unverified (test_legacy_pump_reference.LegacyPumpReferenceTests.test_finality_and_acceptance_are_explicitly_unverified) ... ok
test_identity_complete_saved_metadata_and_original_stack_heights (test_legacy_pump_reference.LegacyPumpReferenceTests.test_identity_complete_saved_metadata_and_original_stack_heights) ... ok
test_independent_legacy_create_discriminator_account_positions_and_arguments (test_legacy_pump_reference.LegacyPumpReferenceTests.test_independent_legacy_create_discriminator_account_positions_and_arguments) ... ok
test_original_create_event_remains_schema_mismatch (test_legacy_pump_reference.LegacyPumpReferenceTests.test_original_create_event_remains_schema_mismatch) ... ok
test_original_source_bytes_and_pinned_provenance (test_legacy_pump_reference.LegacyPumpReferenceTests.test_original_source_bytes_and_pinned_provenance) ... ok
test_production_compiled_resolution_keeps_downstream_evidence_unverified (test_legacy_pump_reference.LegacyPumpReferenceTests.test_production_compiled_resolution_keeps_downstream_evidence_unverified) ... ok
test_saved_tokenkeg_execution_correlates_raw_init_mint_revoke_and_balances (test_legacy_pump_reference.LegacyPumpReferenceTests.test_saved_tokenkeg_execution_correlates_raw_init_mint_revoke_and_balances) ... ok
test_account_count_extra_multisig_and_invalid_keys_rejected (test_legacy_token_accounting.LegacyTokenAccountingTests.test_account_count_extra_multisig_and_invalid_keys_rejected) ... ok
test_all_truncations_and_trailing_bytes_never_create_accounting (test_legacy_token_accounting.LegacyTokenAccountingTests.test_all_truncations_and_trailing_bytes_never_create_accounting) ... ok
test_checked_decimals_byte_range_and_missing_balance_never_filled (test_legacy_token_accounting.LegacyTokenAccountingTests.test_checked_decimals_byte_range_and_missing_balance_never_filled) ... ok
test_checked_decimals_field_and_unchecked_no_invented_mint (test_legacy_token_accounting.LegacyTokenAccountingTests.test_checked_decimals_field_and_unchecked_no_invented_mint) ... ok
test_checked_mint_program_decimals_and_init_bindings (test_legacy_token_accounting.LegacyTokenAccountingTests.test_checked_mint_program_decimals_and_init_bindings) ... ok
test_compiled_normalization_keeps_hash_bytes_and_execution_blockers (test_legacy_token_accounting.LegacyTokenAccountingTests.test_compiled_normalization_keeps_hash_bytes_and_execution_blockers) ... ok
test_every_supported_profile_exact_fields_and_no_authority_claim (test_legacy_token_accounting.LegacyTokenAccountingTests.test_every_supported_profile_exact_fields_and_no_authority_claim) ... ok
test_failed_transaction_has_no_normalized_lifetimes_or_controls (test_legacy_token_accounting.LegacyTokenAccountingTests.test_failed_transaction_has_no_normalized_lifetimes_or_controls) ... ok
test_malformed_supported_instruction_recorded_without_partial_fields (test_legacy_token_accounting.LegacyTokenAccountingTests.test_malformed_supported_instruction_recorded_without_partial_fields) ... ok
test_mint_option_one_byte_exact_none_and_some (test_legacy_token_accounting.LegacyTokenAccountingTests.test_mint_option_one_byte_exact_none_and_some) ... ok
test_rent_sysvar_binding (test_legacy_token_accounting.LegacyTokenAccountingTests.test_rent_sysvar_binding) ... ok
test_transient_raw_init_close_never_establishes_lifetime_from_syntax (test_legacy_token_accounting.LegacyTokenAccountingTests.test_transient_raw_init_close_never_establishes_lifetime_from_syntax) ... ok
test_uint64_zero_and_max_exact_no_float (test_legacy_token_accounting.LegacyTokenAccountingTests.test_uint64_zero_and_max_exact_no_float) ... ok
test_unresolved_controls_unknown_and_token2022_inventory (test_legacy_token_accounting.LegacyTokenAccountingTests.test_unresolved_controls_unknown_and_token2022_inventory) ... ok
test_deterministic_manifest_and_hash (test_live_features.LiveFeatureDiagnosticTests.test_deterministic_manifest_and_hash) ... ok
test_explicit_identity_and_time_types (test_live_features.LiveFeatureDiagnosticTests.test_explicit_identity_and_time_types) ... ok
test_forged_summary_cannot_supply_strategy_fields_or_approval (test_live_features.LiveFeatureDiagnosticTests.test_forged_summary_cannot_supply_strategy_fields_or_approval) ... ok
test_historical_age_is_not_refreshed_by_replay_or_now (test_live_features.LiveFeatureDiagnosticTests.test_historical_age_is_not_refreshed_by_replay_or_now) ... ok
test_missing_malformed_and_oversized_source_fail_closed (test_live_features.LiveFeatureDiagnosticTests.test_missing_malformed_and_oversized_source_fail_closed) ... ok
test_no_storage_writes (test_live_features.LiveFeatureDiagnosticTests.test_no_storage_writes) ... ok
test_raw_gross_concentration_never_populates_private_concentration (test_live_features.LiveFeatureDiagnosticTests.test_raw_gross_concentration_never_populates_private_concentration) ... ok
test_rebound_revision_suppresses_components (test_live_features.LiveFeatureDiagnosticTests.test_rebound_revision_suppresses_components) ... ok
test_replay_resource_ceiling_fails_closed (test_live_features.LiveFeatureDiagnosticTests.test_replay_resource_ceiling_fails_closed) ... ok
test_seal_budget_and_raw_page_attacks_remain_blocked (test_live_features.LiveFeatureDiagnosticTests.test_seal_budget_and_raw_page_attacks_remain_blocked) ... ok
test_unmocked_raw_replay_is_historical_not_strategy_approval (test_live_features.LiveFeatureDiagnosticTests.test_unmocked_raw_replay_is_historical_not_strategy_approval) ... ok
test_malformed_raw_mint_is_an_observation_error (test_live_observation.LiveObservationTests.test_malformed_raw_mint_is_an_observation_error) ... ok
test_original_unknown_fields_hash_and_mutation_isolation (test_live_observation.LiveObservationTests.test_original_unknown_fields_hash_and_mutation_isolation) ... ok
test_persisted_atomic_vault_controls_reject_corrupt_bytes (test_live_observation.LiveObservationTests.test_persisted_atomic_vault_controls_reject_corrupt_bytes) ... ok
test_persisted_legitimate_wsol_native_option_and_original_identity (test_live_observation.LiveObservationTests.test_persisted_legitimate_wsol_native_option_and_original_identity) ... ok
test_pool_requests_never_rewritten (test_live_observation.LiveObservationTests.test_pool_requests_never_rewritten) ... ok
test_public_buy_and_exact_partial_exit_quantities (test_live_observation.LiveObservationTests.test_public_buy_and_exact_partial_exit_quantities) ... ok
test_public_pool_known_token2022_hazard_rejects (test_live_observation.LiveObservationTests.test_public_pool_known_token2022_hazard_rejects) ... ok
test_quote_identity_amount_mode_and_route_corruption (test_live_observation.LiveObservationTests.test_quote_identity_amount_mode_and_route_corruption) ... ok
test_quote_pool_binding_and_no_fill_promotion (test_live_observation.LiveObservationTests.test_quote_pool_binding_and_no_fill_promotion) ... ok
test_raw_mint_hazards_override_normalized_policy (test_live_observation.LiveObservationTests.test_raw_mint_hazards_override_normalized_policy) ... ok
test_supported_atomic_pool_units_and_exact_original_replay (test_live_observation.LiveObservationTests.test_supported_atomic_pool_units_and_exact_original_replay) ... ok
test_time_source_and_stale_mint_failures (test_live_observation.LiveObservationTests.test_time_source_and_stale_mint_failures) ... ok
test_complete_buy_only_zero_churn_is_distinct_from_missing_coverage (test_live_strategy_features.StrategyFeatureTests.test_complete_buy_only_zero_churn_is_distinct_from_missing_coverage) ... ok
test_complete_empty_window_actual_zero_counts_and_churn_not_undefined_ratios (test_live_strategy_features.StrategyFeatureTests.test_complete_empty_window_actual_zero_counts_and_churn_not_undefined_ratios) ... ok
test_complete_query_supports_versioned_flow_churn_and_concentration (test_live_strategy_features.StrategyFeatureTests.test_complete_query_supports_versioned_flow_churn_and_concentration) ... ok
test_conflicting_raw_identity_withholds_all_measurements (test_live_strategy_features.StrategyFeatureTests.test_conflicting_raw_identity_withholds_all_measurements) ... ok
test_coverage_cannot_be_promoted_by_flags_cursor_gaps_queries_hashes_or_omissions (test_live_strategy_features.StrategyFeatureTests.test_coverage_cannot_be_promoted_by_flags_cursor_gaps_queries_hashes_or_omissions) ... ok
test_empty_intent_only_and_other_pool_samples_never_become_complete_or_zero_defaults (test_live_strategy_features.StrategyFeatureTests.test_empty_intent_only_and_other_pool_samples_never_become_complete_or_zero_defaults) ... ok
test_event_cannot_match_wrong_invocation_side_wallet_or_ambiguous_cpi (test_live_strategy_features.StrategyFeatureTests.test_event_cannot_match_wrong_invocation_side_wallet_or_ambiguous_cpi) ... ok
test_failed_and_nontrade_metadata_block_contradictory_complete_windows (test_live_strategy_features.StrategyFeatureTests.test_failed_and_nontrade_metadata_block_contradictory_complete_windows) ... ok
test_failed_transaction_does_not_count_as_executed_buy (test_live_strategy_features.StrategyFeatureTests.test_failed_transaction_does_not_count_as_executed_buy) ... ok
test_input_arrival_order_and_exact_duplicate_are_not_chain_order_or_extra_volume (test_live_strategy_features.StrategyFeatureTests.test_input_arrival_order_and_exact_duplicate_are_not_chain_order_or_extra_volume) ... ok
test_invalid_window_clock_and_provenance_cannot_select_live_approval (test_live_strategy_features.StrategyFeatureTests.test_invalid_window_clock_and_provenance_cannot_select_live_approval) ... ok
test_measured_sample_ratios_buyers_volume_drawdown_and_original_times (test_live_strategy_features.StrategyFeatureTests.test_measured_sample_ratios_buyers_volume_drawdown_and_original_times) ... ok
test_missing_pool_profile_fields_do_not_default_to_safe_liquidity (test_live_strategy_features.StrategyFeatureTests.test_missing_pool_profile_fields_do_not_default_to_safe_liquidity) ... ok
test_multiswap_each_intent_requires_its_own_complete_event (test_live_strategy_features.StrategyFeatureTests.test_multiswap_each_intent_requires_its_own_complete_event) ... ok
test_partial_sample_does_not_supply_proxy_neutral_scores (test_live_strategy_features.StrategyFeatureTests.test_partial_sample_does_not_supply_proxy_neutral_scores) ... ok
test_public_recorded_event_bytes_replayed_with_explicit_rewrapped_limit (test_live_strategy_features.StrategyFeatureTests.test_public_recorded_event_bytes_replayed_with_explicit_rewrapped_limit) ... ok
test_raw_event_time_must_match_chain_metadata_and_partial_layout_not_approved (test_live_strategy_features.StrategyFeatureTests.test_raw_event_time_must_match_chain_metadata_and_partial_layout_not_approved) ... ok
test_record_byte_and_iterator_bounds_preserve_unknown (test_live_strategy_features.StrategyFeatureTests.test_record_byte_and_iterator_bounds_preserve_unknown) ... ok
test_same_slot_signatures_do_not_invent_latest_price_or_reserve_order (test_live_strategy_features.StrategyFeatureTests.test_same_slot_signatures_do_not_invent_latest_price_or_reserve_order) ... ok
test_stale_future_missing_time_and_time_slot_conflict_fail_closed (test_live_strategy_features.StrategyFeatureTests.test_stale_future_missing_time_and_time_slot_conflict_fail_closed) ... ok
test_window_expiry_and_unique_buyers_do_not_use_receive_time (test_live_strategy_features.StrategyFeatureTests.test_window_expiry_and_unique_buyers_do_not_use_receive_time) ... ok
test_absence_gate_uses_exact_marker_lookup_without_page_loads (test_migration_no_entry.MigrationNoEntryTests.test_absence_gate_uses_exact_marker_lookup_without_page_loads) ... ok
test_corrupt_publication_marker_scalar_bound_precedes_load (test_migration_no_entry.MigrationNoEntryTests.test_corrupt_publication_marker_scalar_bound_precedes_load) ... ok
test_crash_after_disposition_before_result_stays_no_retry (test_migration_no_entry.MigrationNoEntryTests.test_crash_after_disposition_before_result_stays_no_retry) ... ok
test_dropped_table_and_partial_publication_block (test_migration_no_entry.MigrationNoEntryTests.test_dropped_table_and_partial_publication_block) ... ok
test_exact_unsupported_quote_records_skips_and_replays_without_more_calls (test_migration_no_entry.MigrationNoEntryTests.test_exact_unsupported_quote_records_skips_and_replays_without_more_calls) ... ok
test_generic_non_quote_binding_mismatch_stays_unresolved (test_migration_no_entry.MigrationNoEntryTests.test_generic_non_quote_binding_mismatch_stays_unresolved) ... ok
test_immutable_disposition_no_replace_update_delete (test_migration_no_entry.MigrationNoEntryTests.test_immutable_disposition_no_replace_update_delete) ... ok
test_legacy_sentinel_is_not_an_automatic_recovery (test_migration_no_entry.MigrationNoEntryTests.test_legacy_sentinel_is_not_an_automatic_recovery) ... ok
test_ordinary_capacity_matches_journal_not_32_skips (test_migration_no_entry.MigrationNoEntryTests.test_ordinary_capacity_matches_journal_not_32_skips) ... ok
test_prospective_decline_after_actual_buy_and_sell_preserves_trade_history (test_migration_no_entry.MigrationNoEntryTests.test_prospective_decline_after_actual_buy_and_sell_preserves_trade_history) ... ok
test_raw_http_failure_and_uncaptured_attempt_cannot_publish (test_migration_no_entry.MigrationNoEntryTests.test_raw_http_failure_and_uncaptured_attempt_cannot_publish) ... ok
test_rehashed_summary_and_changed_charge_are_not_trusted (test_migration_no_entry.MigrationNoEntryTests.test_rehashed_summary_and_changed_charge_are_not_trusted) ... ok
test_witness_absence_alone_remains_unresolved (test_migration_no_entry.MigrationNoEntryTests.test_witness_absence_alone_remains_unresolved) ... ok
test_real_prefix_prospective_pin_equals_post_extension_and_apply_strict (test_migration_recovery_lineage.MigrationRecoveryLineageTests.test_real_prefix_prospective_pin_equals_post_extension_and_apply_strict) ... ok
test_both_supported_migrations (test_migration_slot_intake.MigrationSlotTests.test_both_supported_migrations) ... ok
test_cli_actual_command_and_redacted_blockers (test_migration_slot_intake.MigrationSlotTests.test_cli_actual_command_and_redacted_blockers) ... ok
test_corruption_after_success_never_reuses_cached_success (test_migration_slot_intake.MigrationSlotTests.test_corruption_after_success_never_reuses_cached_success) ... ok
test_crash_after_reservation_before_io_cannot_retry (test_migration_slot_intake.MigrationSlotTests.test_crash_after_reservation_before_io_cannot_retry) ... ok
test_crash_after_wire_persistence_retains_outcome_and_latches (test_migration_slot_intake.MigrationSlotTests.test_crash_after_wire_persistence_retains_outcome_and_latches) ... ok
test_exact_budget_exhaustion_never_calls_opener (test_migration_slot_intake.MigrationSlotTests.test_exact_budget_exhaustion_never_calls_opener) ... ok
test_failed_out_of_slot_missing_time_unknown_scope_and_conflicts (test_migration_slot_intake.MigrationSlotTests.test_failed_out_of_slot_missing_time_unknown_scope_and_conflicts) ... ok
test_missing_schema_never_initialized (test_migration_slot_intake.MigrationSlotTests.test_missing_schema_never_initialized) ... ok
test_partial_truncation_failure_retained_and_restart_latched (test_migration_slot_intake.MigrationSlotTests.test_partial_truncation_failure_retained_and_restart_latched) ... ok
test_rebound_completed_history_rejects_without_new_io (test_migration_slot_intake.MigrationSlotTests.test_rebound_completed_history_rejects_without_new_io) ... ok
test_reservation_adapter_unreserved_and_cross_budget_substitution_no_io (test_migration_slot_intake.MigrationSlotTests.test_reservation_adapter_unreserved_and_cross_budget_substitution_no_io) ... ok
test_signature_and_pool_hints_reject_without_hiding_charge (test_migration_slot_intake.MigrationSlotTests.test_signature_and_pool_hints_reject_without_hiding_charge) ... ok
test_single_slot_originals_existing_export_and_actual_cycle (test_migration_slot_intake.MigrationSlotTests.test_single_slot_originals_existing_export_and_actual_cycle) ... ok
test_strict_hints_cutoff_binding_before_credentials_or_io (test_migration_slot_intake.MigrationSlotTests.test_strict_hints_cutoff_binding_before_credentials_or_io) ... ok
test_two_page_exhaustion_validates_all_returned_rows (test_migration_slot_intake.MigrationSlotTests.test_two_page_exhaustion_validates_all_returned_rows) ... ok
test_two_pages_cursor_preserved_and_total_bound (test_migration_slot_intake.MigrationSlotTests.test_two_pages_cursor_preserved_and_total_bound) ... ok
test_unknown_status_and_preexisting_overlimit_complete_query_no_io (test_migration_slot_intake.MigrationSlotTests.test_unknown_status_and_preexisting_overlimit_complete_query_no_io) ... ok
test_wrong_evidence_database_and_corrupt_cutoff_no_io (test_migration_slot_intake.MigrationSlotTests.test_wrong_evidence_database_and_corrupt_cutoff_no_io) ... ok
test_byte_preflight_must_use_blob_length_not_character_count (test_mixed_receipt_reader_contract.MixedReceiptReaderContractTests.test_byte_preflight_must_use_blob_length_not_character_count) ... ok
test_candidate_certificate_storage_does_not_provision_trusted_anchor (test_mixed_receipt_reader_contract.MixedReceiptReaderContractTests.test_candidate_certificate_storage_does_not_provision_trusted_anchor) ... ok
test_interleaved_head_and_rows_cannot_be_salvaged_as_complete_snapshot (test_mixed_receipt_reader_contract.MixedReceiptReaderContractTests.test_interleaved_head_and_rows_cannot_be_salvaged_as_complete_snapshot) ... ok
test_matching_arbitrary_sql_hash_does_not_define_protected_schema (test_mixed_receipt_reader_contract.MixedReceiptReaderContractTests.test_matching_arbitrary_sql_hash_does_not_define_protected_schema) ... ok
test_metadata_validation_does_not_establish_physical_certificate_presence (test_mixed_receipt_reader_contract.MixedReceiptReaderContractTests.test_metadata_validation_does_not_establish_physical_certificate_presence) ... ok
test_old_schema_can_contain_typed_rows_without_reviewed_old_binary_fence (test_mixed_receipt_reader_contract.MixedReceiptReaderContractTests.test_old_schema_can_contain_typed_rows_without_reviewed_old_binary_fence) ... ok
test_two_candidate_certificate_layouts_are_not_a_defined_format (test_mixed_receipt_reader_contract.MixedReceiptReaderContractTests.test_two_candidate_certificate_layouts_are_not_a_defined_format) ... ok
test_clock_cannot_carry_market_or_entry_assertions (test_monitor.MonitorTests.test_clock_cannot_carry_market_or_entry_assertions) ... ok
test_configuration_change_rolls_back_expiry (test_monitor.MonitorTests.test_configuration_change_rolls_back_expiry) ... ok
test_empty_portfolio_can_roll_daily_baseline_normally (test_monitor.MonitorTests.test_empty_portfolio_can_roll_daily_baseline_normally) ... ok
test_midnight_outage_does_not_reset_daily_loss_baseline (test_monitor.MonitorTests.test_midnight_outage_does_not_reset_daily_loss_baseline) ... ok
test_missing_ledger_is_not_created (test_monitor.MonitorTests.test_missing_ledger_is_not_created) ... ok
test_outage_expires_without_changing_cash_inventory_or_pnl (test_monitor.MonitorTests.test_outage_expires_without_changing_cash_inventory_or_pnl) ... ok
test_restart_is_idempotent_and_resume_cannot_bypass_expiry (test_monitor.MonitorTests.test_restart_is_idempotent_and_resume_cannot_bypass_expiry) ... ok
test_resume_after_midnight_cannot_reset_stale_daily_baseline (test_monitor.MonitorTests.test_resume_after_midnight_cannot_reset_stale_daily_baseline) ... ok
test_ttl_boundary_and_clock_regression_do_not_write (test_monitor.MonitorTests.test_ttl_boundary_and_clock_regression_do_not_write) ... ok
test_unverified_exit_evidence_cannot_refresh_mark_without_exit_trigger (test_monitor.MonitorTests.test_unverified_exit_evidence_cannot_refresh_mark_without_exit_trigger) ... ok
test_actual_full_exit_removes_monitoring_authority (test_monitoring_budget.MonitoringBudgetTests.test_actual_full_exit_removes_monitoring_authority) ... ok
test_actual_v3_buy_full_close_cooldown_rebuy_monitoring_binds_current_entry (test_monitoring_budget.MonitoringBudgetTests.test_actual_v3_buy_full_close_cooldown_rebuy_monitoring_binds_current_entry) ... ok
test_candidate_buy_history_other_identity_and_oversize_refused_before_io (test_monitoring_budget.MonitoringBudgetTests.test_candidate_buy_history_other_identity_and_oversize_refused_before_io) ... ok
test_clock_rollback_persists_recovery_even_after_clock_recovers (test_monitoring_budget.MonitoringBudgetTests.test_clock_rollback_persists_recovery_even_after_clock_recovers) ... ok
test_closed_position_and_corrupt_checkpoint_refuse_no_mutation (test_monitoring_budget.MonitoringBudgetTests.test_closed_position_and_corrupt_checkpoint_refuse_no_mutation) ... ok
test_completion_replay_idempotent_without_replace (test_monitoring_budget.MonitoringBudgetTests.test_completion_replay_idempotent_without_replace) ... ok
test_concurrent_processes_at_last_slot_cannot_overspend (test_monitoring_budget.MonitoringBudgetTests.test_concurrent_processes_at_last_slot_cannot_overspend) ... ok
test_corrupted_restored_time_and_outcome_refuse_without_repair (test_monitoring_budget.MonitoringBudgetTests.test_corrupted_restored_time_and_outcome_refuse_without_repair) ... ok
test_exact_rolling_boundary_preserves_all_records_and_restart_counter (test_monitoring_budget.MonitoringBudgetTests.test_exact_rolling_boundary_preserves_all_records_and_restart_counter) ... ok
test_exhausted_investigation_still_unchanged_and_default_transport_rejects (test_monitoring_budget.MonitoringBudgetTests.test_exhausted_investigation_still_unchanged_and_default_transport_rejects) ... ok
test_failure_charged_original_retained_and_restart_latched (test_monitoring_budget.MonitoringBudgetTests.test_failure_charged_original_retained_and_restart_latched) ... ok
test_fresh_connection_replace_and_rowid_aliases_preserve_full_budget (test_monitoring_budget.MonitoringBudgetTests.test_fresh_connection_replace_and_rowid_aliases_preserve_full_budget) ... ok
test_held_atomic_pool_and_sell_quantities_use_actual_transport (test_monitoring_budget.MonitoringBudgetTests.test_held_atomic_pool_and_sell_quantities_use_actual_transport) ... ok
test_lost_completion_pending_across_restart (test_monitoring_budget.MonitoringBudgetTests.test_lost_completion_pending_across_restart) ... ok
test_multiple_held_positions_share_global_cap (test_monitoring_budget.MonitoringBudgetTests.test_multiple_held_positions_share_global_cap) ... ok
test_original_reservations_and_outcomes_immutable (test_monitoring_budget.MonitoringBudgetTests.test_original_reservations_and_outcomes_immutable) ... ok
test_reentry_cannot_select_closed_entry_or_waive_historical_corruption (test_monitoring_budget.MonitoringBudgetTests.test_reentry_cannot_select_closed_entry_or_waive_historical_corruption) ... ok
test_sixty_shared_original_receipts_then_zero_io_and_no_investigation_reset (test_monitoring_budget.MonitoringBudgetTests.test_sixty_shared_original_receipts_then_zero_io_and_no_investigation_reset) ... ok
test_snapshot_readonly_and_expiration_uses_sequence_not_window_delta (test_monitoring_budget.MonitoringBudgetTests.test_snapshot_readonly_and_expiration_uses_sequence_not_window_delta) ... ok
test_subsecond_rollback_survives_restart_without_rounding (test_monitoring_budget.MonitoringBudgetTests.test_subsecond_rollback_survives_restart_without_rounding) ... ok
test_unprovisioned_or_rebound_database_not_adopted (test_monitoring_budget.MonitoringBudgetTests.test_unprovisioned_or_rebound_database_not_adopted) ... ok
test_actual_cli_reviewed_fixture_handoff_and_replay (test_monitoring_handoff.MonitoringHandoffTests.test_actual_cli_reviewed_fixture_handoff_and_replay) ... ok
test_all_canonical_locks_and_unrelated_context_fail_nonmutating (test_monitoring_handoff.MonitoringHandoffTests.test_all_canonical_locks_and_unrelated_context_fail_nonmutating) ... ok
test_atomic_failure_rolls_back_column_receipt_and_fence (test_monitoring_handoff.MonitoringHandoffTests.test_atomic_failure_rolls_back_column_receipt_and_fence) ... ok
test_budget_downgrade_and_wrong_receipt_binding_fail_without_changes (test_monitoring_handoff.MonitoringHandoffTests.test_budget_downgrade_and_wrong_receipt_binding_fail_without_changes) ... ok
test_charged_lifetime18_and_nonempty_shared_pacing_state_preserved (test_monitoring_handoff.MonitoringHandoffTests.test_charged_lifetime18_and_nonempty_shared_pacing_state_preserved) ... ok
test_fence_guard_or_receipt_damage_refuses_readers_without_mutation (test_monitoring_handoff.MonitoringHandoffTests.test_fence_guard_or_receipt_damage_refuses_readers_without_mutation) ... ok
test_frozen_deployed_binary_cannot_spend_even_after_old_code_entry (test_monitoring_handoff.MonitoringHandoffTests.test_frozen_deployed_binary_cannot_spend_even_after_old_code_entry) ... ok
test_latches_usage_and_clock_floor_survive_handoff (test_monitoring_handoff.MonitoringHandoffTests.test_latches_usage_and_clock_floor_survive_handoff) ... ok
test_legacy_sql_insert_and_current_old_context_refuse (test_monitoring_handoff.MonitoringHandoffTests.test_legacy_sql_insert_and_current_old_context_refuse) ... ok
test_pending_old_attempt_prevents_publication_and_preserves_originals (test_monitoring_handoff.MonitoringHandoffTests.test_pending_old_attempt_prevents_publication_and_preserves_originals) ... ok
test_preserves_originals_shared_usage_and_separate_experiment_restart (test_monitoring_handoff.MonitoringHandoffTests.test_preserves_originals_shared_usage_and_separate_experiment_restart) ... ok
test_real_cli_malformed_and_unreviewed_inputs_no_traceback_or_mutation (test_monitoring_handoff.MonitoringHandoffTests.test_real_cli_malformed_and_unreviewed_inputs_no_traceback_or_mutation) ... ok
test_same_binding_replay_after_new_trade_and_mismatch_refusal (test_monitoring_handoff.MonitoringHandoffTests.test_same_binding_replay_after_new_trade_and_mismatch_refusal) ... ok
test_untraded_new_ledger_pending_attempt_and_pacing_mismatch_refuse (test_monitoring_handoff.MonitoringHandoffTests.test_untraded_new_ledger_pending_attempt_and_pacing_mismatch_refuse) ... ok
test_verified_old_open_position_prevents_handoff_without_mutation (test_monitoring_handoff.MonitoringHandoffTests.test_verified_old_open_position_prevents_handoff_without_mutation) ... ok
test_wrong_pins_missing_paths_and_unreviewed_policy_are_nonmutating (test_monitoring_handoff.MonitoringHandoffTests.test_wrong_pins_missing_paths_and_unreviewed_policy_are_nonmutating) ... ok
test_exact_receipt_preserves_experiment_binding_charges_and_restart (test_monitoring_runtime_upgrade.MonitoringRuntimeUpgradeTests.test_exact_receipt_preserves_experiment_binding_charges_and_restart) ... ok
test_genuine_predecessor_binary_refuses_after_receipt_nonmutating (test_monitoring_runtime_upgrade.MonitoringRuntimeUpgradeTests.test_genuine_predecessor_binary_refuses_after_receipt_nonmutating) ... ok
test_native_identity_rewrite_cannot_bypass_original_binding (test_monitoring_runtime_upgrade.MonitoringRuntimeUpgradeTests.test_native_identity_rewrite_cannot_bypass_original_binding) ... ok
test_origin_metadata_config_or_caller_source_not_waived (test_monitoring_runtime_upgrade.MonitoringRuntimeUpgradeTests.test_origin_metadata_config_or_caller_source_not_waived) ... ok
test_receipt_tampering_rejected_with_original_budget_unchanged (test_monitoring_runtime_upgrade.MonitoringRuntimeUpgradeTests.test_receipt_tampering_rejected_with_original_budget_unchanged) ... ok
test_unreviewed_transition_and_missing_receipt_fail_nonmutating (test_monitoring_runtime_upgrade.MonitoringRuntimeUpgradeTests.test_unreviewed_transition_and_missing_receipt_fail_nonmutating) ... ok
test_wrong_context_or_revoked_policy_rejected (test_monitoring_runtime_upgrade.MonitoringRuntimeUpgradeTests.test_wrong_context_or_revoked_policy_rejected) ... ok
test_actual_successor_reservation_retention_and_rolling_accounting (test_monitoring_successor.MonitoringSuccessorTests.test_actual_successor_reservation_retention_and_rolling_accounting) ... ok
test_both_certified_null_passes_replay_original_context_after_successor (test_monitoring_successor.MonitoringSuccessorTests.test_both_certified_null_passes_replay_original_context_after_successor) ... ok
test_bound_before_payload_fetch (test_monitoring_successor.MonitoringSuccessorTests.test_bound_before_payload_fetch) ... ok
test_every_affected_lock_and_fork_gap_cycle_refuses_without_publication (test_monitoring_successor.MonitoringSuccessorTests.test_every_affected_lock_and_fork_gap_cycle_refuses_without_publication) ... ok
test_pending_monitoring_refuses_without_mutation (test_monitoring_successor.MonitoringSuccessorTests.test_pending_monitoring_refuses_without_mutation) ... ok
test_pins_tamper_partial_guards_and_rollback_are_nonmutating (test_monitoring_successor.MonitoringSuccessorTests.test_pins_tamper_partial_guards_and_rollback_are_nonmutating) ... ok
test_publication_crash_after_insert_rolls_back_all_additive_ddl (test_monitoring_successor.MonitoringSuccessorTests.test_publication_crash_after_insert_rolls_back_all_additive_ddl) ... ok
test_real_cli_noncanonical_or_mismatched_paths_refuse_without_mutation (test_monitoring_successor.MonitoringSuccessorTests.test_real_cli_noncanonical_or_mismatched_paths_refuse_without_mutation) ... ok
test_real_cli_successor_activation_and_exact_replay_preserve_originals (test_monitoring_successor.MonitoringSuccessorTests.test_real_cli_successor_activation_and_exact_replay_preserve_originals) ... ok
test_reservation_fence_rejects_missing_retired_replace_and_current_partial (test_monitoring_successor.MonitoringSuccessorTests.test_reservation_fence_rejects_missing_retired_replace_and_current_partial) ... ok
test_shared_pacing_pending_refuses_and_blocked_latch_survives (test_monitoring_successor.MonitoringSuccessorTests.test_shared_pacing_pending_refuses_and_blocked_latch_survives) ... ok
test_two_successive_edges_preserve_original_grants_usage_and_ledgers (test_monitoring_successor.MonitoringSuccessorTests.test_two_successive_edges_preserve_original_grants_usage_and_ledgers) ... ok
test_changed_source_and_config_refuse_retention_pending_and_latch_preserved (test_monitoring_validation_cost.MonitoringValidationCostTests.test_changed_source_and_config_refuse_retention_pending_and_latch_preserved) ... ok
test_every_new_receipt_field_is_checked_and_insertion_rolls_back (test_monitoring_validation_cost.MonitoringValidationCostTests.test_every_new_receipt_field_is_checked_and_insertion_rolls_back) ... ok
test_mutated_checkpoint_between_reservation_and_retention_refuses (test_monitoring_validation_cost.MonitoringValidationCostTests.test_mutated_checkpoint_between_reservation_and_retention_refuses) ... ok
test_mutated_retired_context_or_fence_is_not_reused_after_io (test_monitoring_validation_cost.MonitoringValidationCostTests.test_mutated_retired_context_or_fence_is_not_reused_after_io) ... ok
test_one_current_checkpoint_and_fresh_source_per_validation_call (test_monitoring_validation_cost.MonitoringValidationCostTests.test_one_current_checkpoint_and_fresh_source_per_validation_call) ... ok
test_runtime_receipt_mutation_between_reservation_and_retention_refuses (test_monitoring_validation_cost.MonitoringValidationCostTests.test_runtime_receipt_mutation_between_reservation_and_retention_refuses) ... ok
test_unrelated_pending_charge_remains_blocked_after_own_retention (test_monitoring_validation_cost.MonitoringValidationCostTests.test_unrelated_pending_charge_remains_blocked_after_own_retention) ... ok
test_account_residuals_cannot_cancel_in_aggregate (test_native_lamports.NativeLamportTests.test_account_residuals_cannot_cancel_in_aggregate) ... ok
test_aggregate_residual_detects_unexplained_loss_or_gain (test_native_lamports.NativeLamportTests.test_aggregate_residual_detects_unexplained_loss_or_gain) ... ok
test_balance_lengths_missing_extra_and_malformed_arrays (test_native_lamports.NativeLamportTests.test_balance_lengths_missing_extra_and_malformed_arrays) ... ok
test_caller_depth_unknown_retains_raw_movement_but_no_complete_comparison (test_native_lamports.NativeLamportTests.test_caller_depth_unknown_retains_raw_movement_but_no_complete_comparison) ... ok
test_caught_cpi_failure_witness_is_not_suppressed (test_native_lamports.NativeLamportTests.test_caught_cpi_failure_witness_is_not_suppressed) ... ok
test_cpi_committed_assumption_never_promoted_from_success_logs (test_native_lamports.NativeLamportTests.test_cpi_committed_assumption_never_promoted_from_success_logs) ... ok
test_create_account_is_movement_not_rent_or_owner_approval (test_native_lamports.NativeLamportTests.test_create_account_is_movement_not_rent_or_owner_approval) ... ok
test_duplicate_inner_group_index_is_not_duplicate_movement (test_native_lamports.NativeLamportTests.test_duplicate_inner_group_index_is_not_duplicate_movement) ... ok
test_duplicate_inventory_path_defense_never_double_counts (test_native_lamports.NativeLamportTests.test_duplicate_inventory_path_defense_never_double_counts) ... ok
test_every_system_layout_truncation_and_suffix_refused (test_native_lamports.NativeLamportTests.test_every_system_layout_truncation_and_suffix_refused) ... ok
test_failed_transaction_keeps_conditional_invocations_but_not_agreement (test_native_lamports.NativeLamportTests.test_failed_transaction_keeps_conditional_invocations_but_not_agreement) ... ok
test_fee_and_balance_strict_u64_no_coercion_defaults_or_floats (test_native_lamports.NativeLamportTests.test_fee_and_balance_strict_u64_no_coercion_defaults_or_floats) ... ok
test_fee_payer_header_missing_malformed_readonly_or_unsigned_rejects (test_native_lamports.NativeLamportTests.test_fee_payer_header_missing_malformed_readonly_or_unsigned_rejects) ... ok
test_key_and_instruction_budget_limits (test_native_lamports.NativeLamportTests.test_key_and_instruction_budget_limits) ... ok
test_loaded_key_order_balance_binding_and_lookup_duplicates (test_native_lamports.NativeLamportTests.test_loaded_key_order_balance_binding_and_lookup_duplicates) ... ok
test_missing_duplicate_or_malformed_keys_and_invalid_instruction_indices (test_native_lamports.NativeLamportTests.test_missing_duplicate_or_malformed_keys_and_invalid_instruction_indices) ... ok
test_missing_execution_status_or_inner_inventory_not_assumed_complete (test_native_lamports.NativeLamportTests.test_missing_execution_status_or_inner_inventory_not_assumed_complete) ... ok
test_missing_loaded_keys_and_duplicate_static_loaded_identity_reject (test_native_lamports.NativeLamportTests.test_missing_loaded_keys_and_duplicate_static_loaded_identity_reject) ... ok
test_no_production_consumer_or_runtime_changes (test_native_lamports.NativeLamportTests.test_no_production_consumer_or_runtime_changes) ... ok
test_original_public_sample_zero_residual_retains_all_gaps (test_native_lamports.NativeLamportTests.test_original_public_sample_zero_residual_retains_all_gaps) ... ok
test_original_ui_float_is_opaque_never_raw_lamport_coercion (test_native_lamports.NativeLamportTests.test_original_ui_float_is_opaque_never_raw_lamport_coercion) ... ok
test_positive_exact_transfer_conditional_arithmetic_only (test_native_lamports.NativeLamportTests.test_positive_exact_transfer_conditional_arithmetic_only) ... ok
test_predicted_endpoint_outside_u64_is_gap_not_order_claim (test_native_lamports.NativeLamportTests.test_predicted_endpoint_outside_u64_is_gap_not_order_claim) ... ok
test_raw_parsed_second_representation_unknown_never_discarded (test_native_lamports.NativeLamportTests.test_raw_parsed_second_representation_unknown_never_discarded) ... ok
test_rewards_and_compute_not_independently_reconciled (test_native_lamports.NativeLamportTests.test_rewards_and_compute_not_independently_reconciled) ... ok
test_same_raw_movement_at_different_paths_counted_each_once (test_native_lamports.NativeLamportTests.test_same_raw_movement_at_different_paths_counted_each_once) ... ok
test_source_depth_nodes_strings_bytes_cycles_and_non_json_bounded (test_native_lamports.NativeLamportTests.test_source_depth_nodes_strings_bytes_cycles_and_non_json_bounded) ... ok
test_token_close_refund_is_unsupported_direct_effect_not_inferred_rent (test_native_lamports.NativeLamportTests.test_token_close_refund_is_unsupported_direct_effect_not_inferred_rent) ... ok
test_u64_boundary_and_large_aggregate_exact_integers (test_native_lamports.NativeLamportTests.test_u64_boundary_and_large_aggregate_exact_integers) ... ok
test_unknown_program_direct_mutation_produces_residual_and_retained_row (test_native_lamports.NativeLamportTests.test_unknown_program_direct_mutation_produces_residual_and_retained_row) ... ok
test_unsupported_system_variants_never_ignored_even_if_balances_fit (test_native_lamports.NativeLamportTests.test_unsupported_system_variants_never_ignored_even_if_balances_fit) ... ok
test_zero_fee_and_self_transfer_repeated_account_reference_are_explicit (test_native_lamports.NativeLamportTests.test_zero_fee_and_self_transfer_repeated_account_reference_are_explicit) ... ok
test_zero_net_unknown_effect_does_not_grant_coverage (test_native_lamports.NativeLamportTests.test_zero_net_unknown_effect_does_not_grant_coverage) ... ok
test_actual_closed_lifecycle_reports_net_costs_without_proposal_pnl (test_offline_policy_experiment.OfflinePolicyExperimentTests.test_actual_closed_lifecycle_reports_net_costs_without_proposal_pnl) ... ok
test_cli_duplicate_trial_keys_reject_before_evaluation (test_offline_policy_experiment.OfflinePolicyExperimentTests.test_cli_duplicate_trial_keys_reject_before_evaluation) ... ok
test_duplicate_copied_db_and_overlapping_or_equal_holdout_reject (test_offline_policy_experiment.OfflinePolicyExperimentTests.test_duplicate_copied_db_and_overlapping_or_equal_holdout_reject) ... ok
test_feature_timestamp_leak_and_future_observation_reject (test_offline_policy_experiment.OfflinePolicyExperimentTests.test_feature_timestamp_leak_and_future_observation_reject) ... ok
test_frozen_controls_and_hardcoded_score_momentum_not_tunable (test_offline_policy_experiment.OfflinePolicyExperimentTests.test_frozen_controls_and_hardcoded_score_momentum_not_tunable) ... ok
test_invalid_thresholds_trials_and_ranges_reject (test_offline_policy_experiment.OfflinePolicyExperimentTests.test_invalid_thresholds_trials_and_ranges_reject) ... ok
test_marks_and_partial_realized_are_separate_not_closed_success (test_offline_policy_experiment.OfflinePolicyExperimentTests.test_marks_and_partial_realized_are_separate_not_closed_success) ... ok
test_minimum_counts_never_enable_counterfactual_or_profitability_ranking (test_offline_policy_experiment.OfflinePolicyExperimentTests.test_minimum_counts_never_enable_counterfactual_or_profitability_ranking) ... ok
test_mixed_configs_and_corrupt_journal_reject_without_repair (test_offline_policy_experiment.OfflinePolicyExperimentTests.test_mixed_configs_and_corrupt_journal_reject_without_repair) ... ok
test_original_quote_assumptions_risk_and_net_costs_survive (test_offline_policy_experiment.OfflinePolicyExperimentTests.test_original_quote_assumptions_risk_and_net_costs_survive) ... ok
test_real_cli_malformed_profile_and_window_shapes_reject_read_only (test_offline_policy_experiment.OfflinePolicyExperimentTests.test_real_cli_malformed_profile_and_window_shapes_reject_read_only) ... ok
test_real_cli_redacts_paths_and_rejects_missing_without_initialization (test_offline_policy_experiment.OfflinePolicyExperimentTests.test_real_cli_redacts_paths_and_rejects_missing_without_initialization) ... ok
test_rejected_unobserved_candidates_have_no_invented_returns (test_offline_policy_experiment.OfflinePolicyExperimentTests.test_rejected_unobserved_candidates_have_no_invented_returns) ... ok
test_zero_trade_checkpoint_and_missing_holdout_are_insufficient (test_offline_policy_experiment.OfflinePolicyExperimentTests.test_zero_trade_checkpoint_and_missing_holdout_are_insufficient) ... ok
test_block_order_is_not_inferred_from_balances (test_ordering.OrderingTests.test_block_order_is_not_inferred_from_balances) ... ok
test_budget_exhaustion_is_explicit (test_ordering.OrderingTests.test_budget_exhaustion_is_explicit) ... ok
test_duplicate_signature_rejected (test_ordering.OrderingTests.test_duplicate_signature_rejected) ... ok
test_missing_signature_rejected (test_ordering.OrderingTests.test_missing_signature_rejected) ... ok
test_ordered_block_enables_continuity_not_completeness (test_ordering.OrderingTests.test_ordered_block_enables_continuity_not_completeness) ... ok
test_provider_failure_stays_unknown (test_ordering.OrderingTests.test_provider_failure_stays_unknown) ... ok
test_public_finalized_block_fixture (test_ordering.OrderingTests.test_public_finalized_block_fixture) ... ok
test_unpersisted_proof_not_used (test_ordering.OrderingTests.test_unpersisted_proof_not_used) ... ok
test_wrong_timestamp_rejected (test_ordering.OrderingTests.test_wrong_timestamp_rejected) ... ok
test_account_null_and_unsupported_owner_preserved_without_token_policy (test_original_byte_read_transport.ReadTransportTests.test_account_null_and_unsupported_owner_preserved_without_token_policy) ... ok
test_actual_production_history_shapes_and_continuation_cursor (test_original_byte_read_transport.ReadTransportTests.test_actual_production_history_shapes_and_continuation_cursor) ... ok
test_all_methods_reject_transfer_encoding_before_body_read (test_original_byte_read_transport.ReadTransportTests.test_all_methods_reject_transfer_encoding_before_body_read) ... ok
test_bank_actual_slot_can_advance_but_not_regress_or_change_coverage (test_original_byte_read_transport.ReadTransportTests.test_bank_actual_slot_can_advance_but_not_regress_or_change_coverage) ... ok
test_bank_options_only_accepted_floor_and_unfloored_form (test_original_byte_read_transport.ReadTransportTests.test_bank_options_only_accepted_floor_and_unfloored_form) ... ok
test_body_cap_boundaries_small_bank_large_history (test_original_byte_read_transport.ReadTransportTests.test_body_cap_boundaries_small_bank_large_history) ... ok
test_constructor_has_no_io_or_caller_options (test_original_byte_read_transport.ReadTransportTests.test_constructor_has_no_io_or_caller_options) ... ok
test_credential_transport_error_and_partial_redaction (test_original_byte_read_transport.ReadTransportTests.test_credential_transport_error_and_partial_redaction) ... ok
test_genesis_and_actual_clock_params_no_bool_overflow_or_suffix (test_original_byte_read_transport.ReadTransportTests.test_genesis_and_actual_clock_params_no_bool_overflow_or_suffix) ... ok
test_genesis_clock_result_types_and_null_time_unavailable (test_original_byte_read_transport.ReadTransportTests.test_genesis_clock_result_types_and_null_time_unavailable) ... ok
test_headers_status_and_truncated_response_one_post (test_original_byte_read_transport.ReadTransportTests.test_headers_status_and_truncated_response_one_post) ... ok
test_history_page_and_cursor_shapes_bounded (test_original_byte_read_transport.ReadTransportTests.test_history_page_and_cursor_shapes_bounded) ... ok
test_history_rejects_broad_filters_and_pagination_overflow (test_original_byte_read_transport.ReadTransportTests.test_history_rejects_broad_filters_and_pagination_overflow) ... ok
test_json_depth_node_and_utf8_bounds_preserve_original_failed_body (test_original_byte_read_transport.ReadTransportTests.test_json_depth_node_and_utf8_bounds_preserve_original_failed_body) ... ok
test_malformed_account_fields_retained_invalid_not_normalized (test_original_byte_read_transport.ReadTransportTests.test_malformed_account_fields_retained_invalid_not_normalized) ... ok
test_mint_request_exact_legacy_check_shape_only (test_original_byte_read_transport.ReadTransportTests.test_mint_request_exact_legacy_check_shape_only) ... ok
test_rpc_errors_original_bytes_not_redacted_into_evidence (test_original_byte_read_transport.ReadTransportTests.test_rpc_errors_original_bytes_not_redacted_into_evidence) ... ok
test_saved_synthetic_raw_history_preserved_and_no_row_semantics_inferred (test_original_byte_read_transport.ReadTransportTests.test_saved_synthetic_raw_history_preserved_and_no_row_semantics_inferred) ... ok
test_six_exact_methods_preserve_whitespace_escapes_and_string_id (test_original_byte_read_transport.ReadTransportTests.test_six_exact_methods_preserve_whitespace_escapes_and_string_id) ... ok
test_slot_transport_compatibility_same_exchange_and_rejections (test_original_byte_read_transport.ReadTransportTests.test_slot_transport_compatibility_same_exchange_and_rejections) ... ok
test_strict_response_envelopes_ids_duplicates_overflows (test_original_byte_read_transport.ReadTransportTests.test_strict_response_envelopes_ids_duplicates_overflows) ... ok
test_unique_ordered_accounts_100_bound_and_8k_wire (test_original_byte_read_transport.ReadTransportTests.test_unique_ordered_accounts_100_bound_and_8k_wire) ... ok
test_unknown_methods_and_envelope_attacks_before_credentials (test_original_byte_read_transport.ReadTransportTests.test_unknown_methods_and_envelope_attacks_before_credentials) ... ok
test_utf8_id_and_request_caps (test_original_byte_read_transport.ReadTransportTests.test_utf8_id_and_request_caps) ... ok
test_all_transfer_encodings_rejected_even_valid_or_empty (test_original_byte_slot_transport.RealHTTPFramingTests.test_all_transfer_encodings_rejected_even_valid_or_empty) ... ok
test_real_no_transfer_encoding_exact_length_and_eof_controls (test_original_byte_slot_transport.RealHTTPFramingTests.test_real_no_transfer_encoding_exact_length_and_eof_controls) ... ok
test_real_truncated_length_and_duplicate_length_controls (test_original_byte_slot_transport.RealHTTPFramingTests.test_real_truncated_length_and_duplicate_length_controls) ... ok
test_review_four_transfer_framing_reproductions (test_original_byte_slot_transport.RealHTTPFramingTests.test_review_four_transfer_framing_reproductions) ... ok
test_all_redirect_codes_one_attempt_without_fallback (test_original_byte_slot_transport.SlotTransportTests.test_all_redirect_codes_one_attempt_without_fallback) ... ok
test_constructor_does_no_credentials_or_opener_io (test_original_byte_slot_transport.SlotTransportTests.test_constructor_does_no_credentials_or_opener_io) ... ok
test_diagnostics_never_reserve_or_assert_authentication (test_original_byte_slot_transport.SlotTransportTests.test_diagnostics_never_reserve_or_assert_authentication) ... ok
test_duplicate_escaped_keys_constants_and_surrogate_ids_reject_before_io (test_original_byte_slot_transport.SlotTransportTests.test_duplicate_escaped_keys_constants_and_surrogate_ids_reject_before_io) ... ok
test_exact_whitespace_field_order_escape_request_and_response_identity (test_original_byte_slot_transport.SlotTransportTests.test_exact_whitespace_field_order_escape_request_and_response_identity) ... ok
test_existing_result_only_api_keeps_integer_id_and_scalar_return (test_original_byte_slot_transport.SlotTransportTests.test_existing_result_only_api_keeps_integer_id_and_scalar_return) ... ok
test_fixed_endpoint_headers_one_post_and_no_caller_options (test_original_byte_slot_transport.SlotTransportTests.test_fixed_endpoint_headers_one_post_and_no_caller_options) ... ok
test_headers_encoding_lengths_duplicates_and_caps (test_original_byte_slot_transport.SlotTransportTests.test_headers_encoding_lengths_duplicates_and_caps) ... ok
test_http_error_statuses_and_failures_are_redacted_single_attempt (test_original_byte_slot_transport.SlotTransportTests.test_http_error_statuses_and_failures_are_redacted_single_attempt) ... ok
test_invalid_requests_fail_before_credentials_and_opener (test_original_byte_slot_transport.SlotTransportTests.test_invalid_requests_fail_before_credentials_and_opener) ... ok
test_invalid_utf8_duplicates_constants_trailing_and_deep_response_preserved (test_original_byte_slot_transport.SlotTransportTests.test_invalid_utf8_duplicates_constants_trailing_and_deep_response_preserved) ... ok
test_missing_malformed_credential_does_not_construct_opener (test_original_byte_slot_transport.SlotTransportTests.test_missing_malformed_credential_does_not_construct_opener) ... ok
test_mock_opener_retains_default_verified_tls_context (test_original_byte_slot_transport.SlotTransportTests.test_mock_opener_retains_default_verified_tls_context) ... ok
test_read_limit_and_close_even_on_truncation_and_header_refusal (test_original_byte_slot_transport.SlotTransportTests.test_read_limit_and_close_even_on_truncation_and_header_refusal) ... ok
test_request_exact_byte_limit_and_utf8_id_limit (test_original_byte_slot_transport.SlotTransportTests.test_request_exact_byte_limit_and_utf8_id_limit) ... ok
test_response_exact_byte_cap_and_oversized_body_is_not_truncated_evidence (test_original_byte_slot_transport.SlotTransportTests.test_response_exact_byte_cap_and_oversized_body_is_not_truncated_evidence) ... ok
test_response_id_type_exact_equality_and_envelope_shape (test_original_byte_slot_transport.SlotTransportTests.test_response_id_type_exact_equality_and_envelope_shape) ... ok
test_rpc_error_keeps_original_body_but_redacts_result_representation (test_original_byte_slot_transport.SlotTransportTests.test_rpc_error_keeps_original_body_but_redacts_result_representation) ... ok
test_slot_u64_syntax_bool_null_float_negative_and_overflow (test_original_byte_slot_transport.SlotTransportTests.test_slot_u64_syntax_bool_null_float_negative_and_overflow) ... ok
test_url_header_and_read_exception_messages_not_returned (test_original_byte_slot_transport.SlotTransportTests.test_url_header_and_read_exception_messages_not_returned) ... ok
test_arbitrary_compiler_flags_and_tampered_inventory_cannot_replace_message (test_outer_message_privileges.OuterMessagePrivilegeTests.test_arbitrary_compiler_flags_and_tampered_inventory_cannot_replace_message) ... ok
test_cpi_rows_never_inherit_message_signer_or_writable_authority (test_outer_message_privileges.OuterMessagePrivilegeTests.test_cpi_rows_never_inherit_message_signer_or_writable_authority) ... ok
test_missing_or_changed_lookup_witness_and_rpc_loaded_order_reject (test_outer_message_privileges.OuterMessagePrivilegeTests.test_missing_or_changed_lookup_witness_and_rpc_loaded_order_reject) ... ok
test_real_compiled_header_static_loaded_order_and_exact_outer_positions (test_outer_message_privileges.OuterMessagePrivilegeTests.test_real_compiled_header_static_loaded_order_and_exact_outer_positions) ... ok
test_requested_flags_and_message_promotions_are_distinct_and_receipts_detached (test_outer_message_privileges.OuterMessagePrivilegeTests.test_requested_flags_and_message_promotions_are_distinct_and_receipts_detached) ... ok
test_saved_public_fixture_has_no_message_witness_and_cannot_assert_privileges (test_outer_message_privileges.OuterMessagePrivilegeTests.test_saved_public_fixture_has_no_message_witness_and_cannot_assert_privileges) ... ok
test_tampered_header_program_raw_account_and_key_order_are_explicitly_invalid (test_outer_message_privileges.OuterMessagePrivilegeTests.test_tampered_header_program_raw_account_and_key_order_are_explicitly_invalid) ... ok
test_archive_crash_boundaries_preserve_spent_failures_and_source (test_ownership_acquisition.AcquisitionTests.test_archive_crash_boundaries_preserve_spent_failures_and_source) ... ok
test_completed_scan_cannot_be_claimed_and_original_result_preserved (test_ownership_acquisition.AcquisitionTests.test_completed_scan_cannot_be_claimed_and_original_result_preserved) ... ok
test_concurrent_real_symlink_workers_do_not_claim_or_publish_competing_seed (test_ownership_acquisition.AcquisitionTests.test_concurrent_real_symlink_workers_do_not_claim_or_publish_competing_seed) ... ok
test_evidence_busy_leaves_queued_job_and_no_budget (test_ownership_acquisition.AcquisitionTests.test_evidence_busy_leaves_queued_job_and_no_budget) ... ok
test_failed_setup_budget_exhaustion_is_terminal_without_extra_rpc (test_ownership_acquisition.AcquisitionTests.test_failed_setup_budget_exhaustion_is_terminal_without_extra_rpc) ... ok
test_history_error_keeps_cutoff_and_cursor_then_resume (test_ownership_acquisition.AcquisitionTests.test_history_error_keeps_cutoff_and_cursor_then_resume) ... ok
test_interrupted_acquisitions_count_queue_capacity (test_ownership_acquisition.AcquisitionTests.test_interrupted_acquisitions_count_queue_capacity) ... ok
test_invalid_cutoff_finality_never_persists_or_queries_history (test_ownership_acquisition.AcquisitionTests.test_invalid_cutoff_finality_never_persists_or_queries_history) ... ok
test_missing_charged_setup_cannot_recapture_or_reset (test_ownership_acquisition.AcquisitionTests.test_missing_charged_setup_cannot_recapture_or_reset) ... ok
test_old_birth_positive_shared_budget_and_readonly_sealed_consumer (test_ownership_acquisition.AcquisitionTests.test_old_birth_positive_shared_budget_and_readonly_sealed_consumer) ... ok
test_ordinary_screen_keeps_six_hour_default_and_rejects_old_birth (test_ownership_acquisition.AcquisitionTests.test_ordinary_screen_keeps_six_hour_default_and_rejects_old_birth) ... ok
test_original_cutoff_retained_after_provider_changes_on_restart (test_ownership_acquisition.AcquisitionTests.test_original_cutoff_retained_after_provider_changes_on_restart) ... ok
test_prepare_and_seal_crashes_recover_identical_report_without_rpc (test_ownership_acquisition.AcquisitionTests.test_prepare_and_seal_crashes_recover_identical_report_without_rpc) ... ok
test_real_cli_fixture_backend_and_mutually_exclusive_target (test_ownership_acquisition.AcquisitionTests.test_real_cli_fixture_backend_and_mutually_exclusive_target) ... ok
test_screen_jobs_cannot_resume_as_acquisition (test_ownership_acquisition.AcquisitionTests.test_screen_jobs_cannot_resume_as_acquisition) ... ok
test_setup_and_pointer_publication_are_atomic_on_storage_abort (test_ownership_acquisition.AcquisitionTests.test_setup_and_pointer_publication_are_atomic_on_storage_abort) ... ok
test_setup_failure_charged_resume_id_no_duplicate_reset_or_error_leak (test_ownership_acquisition.AcquisitionTests.test_setup_failure_charged_resume_id_no_duplicate_reset_or_error_leak) ... ok
test_setup_hash_method_or_finality_rebinding_blocks_resume (test_ownership_acquisition.AcquisitionTests.test_setup_hash_method_or_finality_rebinding_blocks_resume) ... ok
test_setup_row_identity_aliases_and_replace_collisions_preserve_charged_jobs (test_ownership_acquisition.AcquisitionTests.test_setup_row_identity_aliases_and_replace_collisions_preserve_charged_jobs) ... ok
test_stale_fenced_generation_cannot_interrupt_or_publish (test_ownership_acquisition.AcquisitionTests.test_stale_fenced_generation_cannot_interrupt_or_publish) ... ok
test_two_page_seed_partial_immutable_then_ownership_continuation (test_ownership_acquisition.AcquisitionTests.test_two_page_seed_partial_immutable_then_ownership_continuation) ... ok
test_unknown_creation_anchor_does_not_become_supported (test_ownership_acquisition.AcquisitionTests.test_unknown_creation_anchor_does_not_become_supported) ... ok
test_unsupported_token_never_spends_cutoff_or_history (test_ownership_acquisition.AcquisitionTests.test_unsupported_token_never_spends_cutoff_or_history) ... ok
test_wrong_evidence_or_research_identity_before_provider_calls (test_ownership_acquisition.AcquisitionTests.test_wrong_evidence_or_research_identity_before_provider_calls) ... ok
test_admission_insert_crash_rolls_back_budget_row (test_ownership_budget_admission.AdmissionBudgetTests.test_admission_insert_crash_rolls_back_budget_row) ... ok
test_concurrent_distinct_prepare_only_one_source_wins (test_ownership_budget_admission.AdmissionBudgetTests.test_concurrent_distinct_prepare_only_one_source_wins) ... ok
test_concurrent_idempotent_admission_and_seal (test_ownership_budget_admission.AdmissionBudgetTests.test_concurrent_idempotent_admission_and_seal) ... ok
test_concurrent_reservations_spend_exactly_one_counter (test_ownership_budget_admission.AdmissionBudgetTests.test_concurrent_reservations_spend_exactly_one_counter) ... ok
test_corrupt_lifecycle_blocks_reservation_without_io (test_ownership_budget_admission.AdmissionBudgetTests.test_corrupt_lifecycle_blocks_reservation_without_io) ... ok
test_counter_ceiling_shared_before_and_after_seal (test_ownership_budget_admission.AdmissionBudgetTests.test_counter_ceiling_shared_before_and_after_seal) ... ok
test_descriptor_and_ceiling_cannot_rebind_on_retry (test_ownership_budget_admission.AdmissionBudgetTests.test_descriptor_and_ceiling_cannot_rebind_on_retry) ... ok
test_prepare_racing_reservation_cannot_omit_or_refund_attempt (test_ownership_budget_admission.AdmissionBudgetTests.test_prepare_racing_reservation_cannot_omit_or_refund_attempt) ... ok
test_prepared_backup_restores_exact_recovery_source_and_usage (test_ownership_budget_admission.AdmissionBudgetTests.test_prepared_backup_restores_exact_recovery_source_and_usage) ... ok
test_prepared_source_blocks_history_and_bank_before_io (test_ownership_budget_admission.AdmissionBudgetTests.test_prepared_source_blocks_history_and_bank_before_io) ... ok
test_prepared_source_cannot_change_even_only_result_whitespace (test_ownership_budget_admission.AdmissionBudgetTests.test_prepared_source_cannot_change_even_only_result_whitespace) ... ok
test_process_death_after_reservation_and_preparation_recovers_exact_source (test_ownership_budget_admission.AdmissionBudgetTests.test_process_death_after_reservation_and_preparation_recovers_exact_source) ... ok
test_reopen_prepare_seal_recovery_never_changes_descriptor_or_counter (test_ownership_budget_admission.AdmissionBudgetTests.test_reopen_prepare_seal_recovery_never_changes_descriptor_or_counter) ... ok
test_reservation_is_durable_before_fixture_io_and_failure_cannot_refund (test_ownership_budget_admission.AdmissionBudgetTests.test_reservation_is_durable_before_fixture_io_and_failure_cannot_refund) ... ok
test_seal_requires_prepared_exact_hash (test_ownership_budget_admission.AdmissionBudgetTests.test_seal_requires_prepared_exact_hash) ... ok
test_source_shape_identity_hash_eligibility_and_usage_rejected (test_ownership_budget_admission.AdmissionBudgetTests.test_source_shape_identity_hash_eligibility_and_usage_rejected) ... ok
test_sqlite_abort_prepare_and_seal_roll_back_and_can_recover (test_ownership_budget_admission.AdmissionBudgetTests.test_sqlite_abort_prepare_and_seal_roll_back_and_can_recover) ... ok
test_existing_worker_accepts_exact_sealed_source_without_second_counter (test_ownership_budget_admission.AdmissionWorkerCompatibilityTests.test_existing_worker_accepts_exact_sealed_source_without_second_counter) ... ok
test_unsealed_and_changed_completed_source_worker_fail_before_io (test_ownership_budget_admission.AdmissionWorkerCompatibilityTests.test_unsealed_and_changed_completed_source_worker_fail_before_io) ... ok
test_additive_schema_keeps_existing_row_and_evidence_bytes (test_ownership_budget_admission.LegacyBudgetMigrationTests.test_additive_schema_keeps_existing_row_and_evidence_bytes) ... ok
test_hardlink_aliases_are_rejected_without_budget_or_head_changes (test_ownership_integration.OwnershipIntegrationTests.test_hardlink_aliases_are_rejected_without_budget_or_head_changes) ... ok
test_interleaved_invocation_cannot_replace_published_head (test_ownership_integration.OwnershipIntegrationTests.test_interleaved_invocation_cannot_replace_published_head) ... ok
test_interrupted_invocation_releases_lock_without_resetting_bank_or_budget (test_ownership_integration.OwnershipIntegrationTests.test_interrupted_invocation_releases_lock_without_resetting_bank_or_budget) ... ok
test_missing_account_query_cannot_pass_captured_bank (test_ownership_integration.OwnershipIntegrationTests.test_missing_account_query_cannot_pass_captured_bank) ... ok
test_new_account_in_bounded_inventory_rejects_original_bank (test_ownership_integration.OwnershipIntegrationTests.test_new_account_in_bounded_inventory_rejects_original_bank) ... ok
test_real_path_worker_blocks_symlink_worker_publication (test_ownership_integration.OwnershipIntegrationTests.test_real_path_worker_blocks_symlink_worker_publication) ... ok
test_symlink_worker_blocks_real_path_worker_publication (test_ownership_integration.OwnershipIntegrationTests.test_symlink_worker_blocks_real_path_worker_publication) ... ok
test_unmocked_history_bank_balance_mismatch (test_ownership_integration.OwnershipIntegrationTests.test_unmocked_history_bank_balance_mismatch) ... ok
test_unmocked_persisted_initialization_to_matching_bank_replay (test_ownership_integration.OwnershipIntegrationTests.test_unmocked_persisted_initialization_to_matching_bank_replay) ... ok
test_changed_owner_between_transactions_is_not_valid_continuity (test_ownership_multihistory_integration.OwnershipMultiHistoryIntegrationTests.test_changed_owner_between_transactions_is_not_valid_continuity) ... ok
test_close_recreate_with_witnesses_replays_new_lifetime (test_ownership_multihistory_integration.OwnershipMultiHistoryIntegrationTests.test_close_recreate_with_witnesses_replays_new_lifetime) ... ok
test_close_without_closure_witness_cannot_become_missing_account (test_ownership_multihistory_integration.OwnershipMultiHistoryIntegrationTests.test_close_without_closure_witness_cannot_become_missing_account) ... ok
test_closed_account_absent_from_bank_remains_in_inventory (test_ownership_multihistory_integration.OwnershipMultiHistoryIntegrationTests.test_closed_account_absent_from_bank_remains_in_inventory) ... ok
test_conflicting_event_across_queries_is_quarantined (test_ownership_multihistory_integration.OwnershipMultiHistoryIntegrationTests.test_conflicting_event_across_queries_is_quarantined) ... ok
test_duplicate_transfer_page_does_not_authorize_complete_account_query (test_ownership_multihistory_integration.OwnershipMultiHistoryIntegrationTests.test_duplicate_transfer_page_does_not_authorize_complete_account_query) ... ok
test_omitted_account_page_blocks_replay_despite_matching_mint_history (test_ownership_multihistory_integration.OwnershipMultiHistoryIntegrationTests.test_omitted_account_page_blocks_replay_despite_matching_mint_history) ... ok
test_persisted_raw_block_order_resolves_same_slot_without_lexical_sort (test_ownership_multihistory_integration.OwnershipMultiHistoryIntegrationTests.test_persisted_raw_block_order_resolves_same_slot_without_lexical_sort) ... ok
test_recreate_without_initialization_witness_fails_closed (test_ownership_multihistory_integration.OwnershipMultiHistoryIntegrationTests.test_recreate_without_initialization_witness_fails_closed) ... ok
test_same_slot_transfer_without_persisted_block_order_is_unknown (test_ownership_multihistory_integration.OwnershipMultiHistoryIntegrationTests.test_same_slot_transfer_without_persisted_block_order_is_unknown) ... ok
test_three_accounts_eight_pages_four_transactions_replay_exact_balances (test_ownership_multihistory_integration.OwnershipMultiHistoryIntegrationTests.test_three_accounts_eight_pages_four_transactions_replay_exact_balances) ... ok
test_unsupported_authority_normalization_blocks_history (test_ownership_multihistory_integration.OwnershipMultiHistoryIntegrationTests.test_unsupported_authority_normalization_blocks_history) ... ok
test_worker_continues_all_pages_across_restart_without_summary_patch (test_ownership_multihistory_integration.OwnershipMultiHistoryIntegrationTests.test_worker_continues_all_pages_across_restart_without_summary_patch) ... ok
test_missing_account_coverage_stays_blocked_after_restart_at_ceiling (test_ownership_recovery_integration.OwnershipRecoveryIntegrationTests.test_missing_account_coverage_stays_blocked_after_restart_at_ceiling) ... ok
test_recovery_succeeds_on_eighteenth_attempt_without_refreshing_cutoff (test_ownership_recovery_integration.OwnershipRecoveryIntegrationTests.test_recovery_succeeds_on_eighteenth_attempt_without_refreshing_cutoff) ... ok
test_ambiguous_funding_query_blocks_attribution (test_ownership_signals.FundingGroupTests.test_ambiguous_funding_query_blocks_attribution) ... ok
test_later_buyers_do_not_enter_launch_cohort (test_ownership_signals.FundingGroupTests.test_later_buyers_do_not_enter_launch_cohort) ... ok
test_missing_history_is_not_zero_bundle_exposure (test_ownership_signals.FundingGroupTests.test_missing_history_is_not_zero_bundle_exposure) ... ok
test_shared_source_is_unknown_not_private_controller (test_ownership_signals.FundingGroupTests.test_shared_source_is_unknown_not_private_controller) ... ok
test_closed_account_must_be_absent (test_ownership_snapshot.OwnershipSnapshotTests.test_closed_account_must_be_absent) ... ok
test_finality_and_block_time_are_required (test_ownership_snapshot.OwnershipSnapshotTests.test_finality_and_block_time_are_required) ... ok
test_history_after_snapshot_is_rejected (test_ownership_snapshot.OwnershipSnapshotTests.test_history_after_snapshot_is_rejected) ... ok
test_history_gap_cannot_be_hidden_by_matching_supply (test_ownership_snapshot.OwnershipSnapshotTests.test_history_gap_cannot_be_hidden_by_matching_supply) ... ok
test_matching_accounting_is_not_common_ownership_approval (test_ownership_snapshot.OwnershipSnapshotTests.test_matching_accounting_is_not_common_ownership_approval) ... ok
test_missing_or_extra_frontier_account_rejected (test_ownership_snapshot.OwnershipSnapshotTests.test_missing_or_extra_frontier_account_rejected) ... ok
test_same_total_with_changed_account_history_is_rejected (test_ownership_snapshot.OwnershipSnapshotTests.test_same_total_with_changed_account_history_is_rejected) ... ok
test_time_gap_is_not_a_snapshot_match (test_ownership_snapshot.OwnershipSnapshotTests.test_time_gap_is_not_a_snapshot_match) ... ok
test_continuation_revises_decision_without_overwriting_original (test_ownership_worker.OwnershipWorkerTests.test_continuation_revises_decision_without_overwriting_original) ... ok
test_malformed_source_does_not_make_provider_call (test_ownership_worker.OwnershipWorkerTests.test_malformed_source_does_not_make_provider_call) ... ok
test_request_budget_survives_failures (test_ownership_worker.OwnershipWorkerTests.test_request_budget_survives_failures) ... ok
test_source_edit_cannot_reuse_budget (test_ownership_worker.OwnershipWorkerTests.test_source_edit_cannot_reuse_budget) ... ok
test_actual_collector_near_journal_boundary_positive_then_beyond_rejected (test_paper_adapter_token_handoff.TokenHandoffTests.test_actual_collector_near_journal_boundary_positive_then_beyond_rejected) ... ok
test_original_mint_account_and_source_identity_reach_actual_entry_policy (test_paper_adapter_token_handoff.TokenHandoffTests.test_original_mint_account_and_source_identity_reach_actual_entry_policy) ... ok
test_present_raw_mint_hazards_stale_or_mismatched_evidence_still_reject (test_paper_adapter_token_handoff.TokenHandoffTests.test_present_raw_mint_hazards_stale_or_mismatched_evidence_still_reject) ... ok
test_reviewed_100000_byte_unknown_metadata_preserved_not_published (test_paper_adapter_token_handoff.TokenHandoffTests.test_reviewed_100000_byte_unknown_metadata_preserved_not_published) ... ok
test_unbound_sources_and_known_context_hazards_do_not_publish_event (test_paper_adapter_token_handoff.TokenHandoffTests.test_unbound_sources_and_known_context_hazards_do_not_publish_event) ... ok
test_actual_dashboard_get_returns_recovery_and_preserves_records (test_paper_consumer_recovery.PaperConsumerRecoveryTests.test_actual_dashboard_get_returns_recovery_and_preserves_records) ... ok
test_actual_monitor_cli_outputs_recovery_without_fills_or_writes (test_paper_consumer_recovery.PaperConsumerRecoveryTests.test_actual_monitor_cli_outputs_recovery_without_fills_or_writes) ... ok
test_checkpoint_damage_after_read_only_preflight_is_recovery_without_fill (test_paper_consumer_recovery.PaperConsumerRecoveryTests.test_checkpoint_damage_after_read_only_preflight_is_recovery_without_fill) ... ok
test_corrupt_checkpoint_never_becomes_no_change_or_clock_behind (test_paper_consumer_recovery.PaperConsumerRecoveryTests.test_corrupt_checkpoint_never_becomes_no_change_or_clock_behind) ... ok
test_each_surviving_identity_blocks_missing_checkpoint_empty_success (test_paper_consumer_recovery.PaperConsumerRecoveryTests.test_each_surviving_identity_blocks_missing_checkpoint_empty_success) ... ok
test_missing_checkpoint_with_retained_fills_is_recovery_not_empty (test_paper_consumer_recovery.PaperConsumerRecoveryTests.test_missing_checkpoint_with_retained_fills_is_recovery_not_empty) ... ok
test_missing_schema_is_unavailable_without_automatic_schema_repair (test_paper_consumer_recovery.PaperConsumerRecoveryTests.test_missing_schema_is_unavailable_without_automatic_schema_repair) ... ok
test_normal_missing_new_raw_only_and_closed_ledgers_keep_existing_states (test_paper_consumer_recovery.PaperConsumerRecoveryTests.test_normal_missing_new_raw_only_and_closed_ledgers_keep_existing_states) ... ok
test_partial_journal_or_identity_loss_is_not_valid_portfolio (test_paper_consumer_recovery.PaperConsumerRecoveryTests.test_partial_journal_or_identity_loss_is_not_valid_portfolio) ... ok
test_sql_programming_and_constraint_defects_are_not_masked_at_writable_boundary (test_paper_consumer_recovery.PaperConsumerRecoveryTests.test_sql_programming_and_constraint_defects_are_not_masked_at_writable_boundary) ... ok
test_unrelated_value_errors_at_apply_boundary_are_not_masked (test_paper_consumer_recovery.PaperConsumerRecoveryTests.test_unrelated_value_errors_at_apply_boundary_are_not_masked) ... ok
test_writable_boundary_database_errors_are_redacted_without_writes (test_paper_consumer_recovery.PaperConsumerRecoveryTests.test_writable_boundary_database_errors_are_redacted_without_writes) ... ok
test_actual_entry_mark_full_exit_restart_originals_and_costs (test_paper_cycle.PaperCycleTests.test_actual_entry_mark_full_exit_restart_originals_and_costs) ... ok
test_actual_known_hazard_held_position_exits_without_entry_profile (test_paper_cycle.PaperCycleTests.test_actual_known_hazard_held_position_exits_without_entry_profile) ... ok
test_actual_partial_then_full_exit_exact_sizes_within18 (test_paper_cycle.PaperCycleTests.test_actual_partial_then_full_exit_exact_sizes_within18) ... ok
test_candidate_usd_original_ref_substitution_is_controlled_and_no_fill (test_paper_cycle.PaperCycleTests.test_candidate_usd_original_ref_substitution_is_controlled_and_no_fill) ... ok
test_canonical_locks_block_without_reads (test_paper_cycle.PaperCycleTests.test_canonical_locks_block_without_reads) ... ok
test_cfg_defaults_conflicts_and_legacy_field_never_opt_in (test_paper_cycle.PaperCycleTests.test_cfg_defaults_conflicts_and_legacy_field_never_opt_in) ... ok
test_deleted_admission_is_not_recreated_and_evidence_unchanged (test_paper_cycle.PaperCycleTests.test_deleted_admission_is_not_recreated_and_evidence_unchanged) ... ok
test_empty_cycle_and_restart_preserve_new_experiment (test_paper_cycle.PaperCycleTests.test_empty_cycle_and_restart_preserve_new_experiment) ... ok
test_exhausted_lifetime_budget_never_reset_or_new_read (test_paper_cycle.PaperCycleTests.test_exhausted_lifetime_budget_never_reset_or_new_read) ... ok
test_explicit_pending_dependency_blocks_before_paths_and_sources (test_paper_cycle.PaperCycleTests.test_explicit_pending_dependency_blocks_before_paths_and_sources) ... ok
test_failed_positionless_pass_stays_latched_across_restart (test_paper_cycle.PaperCycleTests.test_failed_positionless_pass_stays_latched_across_restart) ... ok
test_graduation_original_time_conflict_is_blocked (test_paper_cycle.PaperCycleTests.test_graduation_original_time_conflict_is_blocked) ... ok
test_held_exit_does_not_restamp_or_require_old_entry_usd_history (test_paper_cycle.PaperCycleTests.test_held_exit_does_not_restamp_or_require_old_entry_usd_history) ... ok
test_history_failure_enclosed_by_durable_intent_blocks_restart (test_paper_cycle.PaperCycleTests.test_history_failure_enclosed_by_durable_intent_blocks_restart) ... ok
test_initialization_exclusive_and_changed_cfg_cannot_adopt (test_paper_cycle.PaperCycleTests.test_initialization_exclusive_and_changed_cfg_cannot_adopt) ... ok
test_interrupted_charged_pass_no_fresh_restart (test_paper_cycle.PaperCycleTests.test_interrupted_charged_pass_no_fresh_restart) ... ok
test_invalid_existing_databases_no_mutation_or_admission_creation (test_paper_cycle.PaperCycleTests.test_invalid_existing_databases_no_mutation_or_admission_creation) ... ok
test_missing_checkpoint_no_reads_or_ledger_writes (test_paper_cycle.PaperCycleTests.test_missing_checkpoint_no_reads_or_ledger_writes) ... ok
test_missing_migration_never_substitutes_supplied_numeric_date (test_paper_cycle.PaperCycleTests.test_missing_migration_never_substitutes_supplied_numeric_date) ... ok
test_monitoring_actual_partial_full_restart_preserves_investigation_and_costs (test_paper_cycle.PaperCycleTests.test_monitoring_actual_partial_full_restart_preserves_investigation_and_costs) ... ok
test_monitoring_can_refresh_held_after18_but_never_candidate (test_paper_cycle.PaperCycleTests.test_monitoring_can_refresh_held_after18_but_never_candidate) ... ok
test_monitoring_cap_exhaustion_no_retry_or_investigation_fallback (test_paper_cycle.PaperCycleTests.test_monitoring_cap_exhaustion_no_retry_or_investigation_fallback) ... ok
test_monitoring_charged_source_failure_latched_before_restart_or_candidates (test_paper_cycle.PaperCycleTests.test_monitoring_charged_source_failure_latched_before_restart_or_candidates) ... ok
test_monitoring_late_local_completion_is_not_hidden_by_original_quote_time (test_paper_cycle.PaperCycleTests.test_monitoring_late_local_completion_is_not_hidden_by_original_quote_time) ... ok
test_monitoring_positions_first_candidate_still_uses_exhausted18 (test_paper_cycle.PaperCycleTests.test_monitoring_positions_first_candidate_still_uses_exhausted18) ... ok
test_monitoring_process_interruption_after_reservation_retains_whole_cycle_intent (test_paper_cycle.PaperCycleTests.test_monitoring_process_interruption_after_reservation_retains_whole_cycle_intent) ... ok
test_monitoring_quote_return_clock_boundary_keeps_original_source_time (test_paper_cycle.PaperCycleTests.test_monitoring_quote_return_clock_boundary_keeps_original_source_time) ... ok
test_monitoring_requires_explicit_provision_without_schema_creation (test_paper_cycle.PaperCycleTests.test_monitoring_requires_explicit_provision_without_schema_creation) ... ok
test_monitoring_source_without_charge_rejected_and_restart_latched (test_paper_cycle.PaperCycleTests.test_monitoring_source_without_charge_rejected_and_restart_latched) ... ok
test_monitoring_unsellable_original_keeps_position_and_latches_restart (test_paper_cycle.PaperCycleTests.test_monitoring_unsellable_original_keeps_position_and_latches_restart) ... ok
test_unprovisioned_legacy_allowance_still_exhausts_investigation18 (test_paper_cycle.PaperCycleTests.test_unprovisioned_legacy_allowance_still_exhausts_investigation18) ... ok
test_unrelated_source_defect_remains_visible_and_restart_is_latched (test_paper_cycle.PaperCycleTests.test_unrelated_source_defect_remains_visible_and_restart_is_latched) ... ok
test_entry_reuses_existing_buy_and_only_reads_exact_reverse_once (test_paper_cycle.QuoteOnlyCycleTests.test_entry_reuses_existing_buy_and_only_reads_exact_reverse_once) ... ok
test_event_builder_blocker_never_quotes_or_substitutes_event (test_paper_cycle.QuoteOnlyCycleTests.test_event_builder_blocker_never_quotes_or_substitutes_event) ... ok
test_global_deadline_refuses_before_source (test_paper_cycle.QuoteOnlyCycleTests.test_global_deadline_refuses_before_source) ... ok
test_missing_reverse_budget_refuses_without_reset_or_fill (test_paper_cycle.QuoteOnlyCycleTests.test_missing_reverse_budget_refuses_without_reset_or_fill) ... ok
test_oversized_delivered_event_refused_before_quote_or_ledger_work (test_paper_cycle.QuoteOnlyCycleTests.test_oversized_delivered_event_refused_before_quote_or_ledger_work) ... ok
test_partial_exit_demands_exact_raw_floor_without_four_read_recollection (test_paper_cycle.QuoteOnlyCycleTests.test_partial_exit_demands_exact_raw_floor_without_four_read_recollection) ... ok
test_source_without_one_durable_charge_cannot_supply_quote (test_paper_cycle.QuoteOnlyCycleTests.test_source_without_one_durable_charge_cannot_supply_quote) ... ok
test_actual_cycle_call_retains_historical_refs_and_unknown_holder (test_paper_cycle_cli.PaperCycleCliTests.test_actual_cycle_call_retains_historical_refs_and_unknown_holder) ... ok
test_actual_initialize_is_exclusive_and_never_loads_credentials (test_paper_cycle_cli.PaperCycleCliTests.test_actual_initialize_is_exclusive_and_never_loads_credentials) ... ok
test_actual_pending_dependency_refuses_before_credentials_databases_network (test_paper_cycle_cli.PaperCycleCliTests.test_actual_pending_dependency_refuses_before_credentials_databases_network) ... ok
test_adverse_labels_and_control_are_additive_not_event_overrides (test_paper_cycle_cli.PaperCycleCliTests.test_adverse_labels_and_control_are_additive_not_event_overrides) ... ok
test_raw_authorization_flags_times_overrides_and_malformed_targets_refuse (test_paper_cycle_cli.PaperCycleCliTests.test_raw_authorization_flags_times_overrides_and_malformed_targets_refuse) ... ok
test_systemd_credentials_permissions_bounds_and_no_error_leak (test_paper_cycle_cli.PaperCycleCliTests.test_systemd_credentials_permissions_bounds_and_no_error_leak) ... ok
test_usable_module_pending_review_exit (test_paper_cycle_cli.PaperCycleCliTests.test_usable_module_pending_review_exit) ... ok
test_actual_module_invalid_input_has_no_traceback_or_credential_db_network_read (test_paper_cycle_cli_config.ConfigBoundaryTests.test_actual_module_invalid_input_has_no_traceback_or_credential_db_network_read) ... ok
test_exact_byte_limit_accepts_valid_config_next_byte_refuses_without_creation (test_paper_cycle_cli_config.ConfigBoundaryTests.test_exact_byte_limit_accepts_valid_config_next_byte_refuses_without_creation) ... ok
test_existing_semantic_validator_and_single_captured_input_are_preserved (test_paper_cycle_cli_config.ConfigBoundaryTests.test_existing_semantic_validator_and_single_captured_input_are_preserved) ... ok
test_main_shapes_duplicates_and_bound_refuse_before_credentials_or_cycle (test_paper_cycle_cli_config.ConfigBoundaryTests.test_main_shapes_duplicates_and_bound_refuse_before_credentials_or_cycle) ... ok
test_acquisition_rechecks_concurrent_null_pass_before_rpc_preserves_charge (test_paper_entry_dispatcher.DispatcherTests.test_acquisition_rechecks_concurrent_null_pass_before_rpc_preserves_charge) ... ok
test_actual_admission_acquisition_intake_history_entry_restart_and_dedupe (test_paper_entry_dispatcher.DispatcherTests.test_actual_admission_acquisition_intake_history_entry_restart_and_dedupe) ... ok
test_actual_charged_acquisition_failure_retains_pending_and_refuses_retry (test_paper_entry_dispatcher.DispatcherTests.test_actual_charged_acquisition_failure_retains_pending_and_refuses_retry) ... ok
test_actual_known_mint_control_rejection_retains_charge_and_never_intakes (test_paper_entry_dispatcher.DispatcherTests.test_actual_known_mint_control_rejection_retains_charge_and_never_intakes) ... ok
test_admission_race_after_selection_cannot_duplicate_complete_scan (test_paper_entry_dispatcher.DispatcherTests.test_admission_race_after_selection_cannot_duplicate_complete_scan) ... ok
test_already_admitted_even_completed_mint_not_selected (test_paper_entry_dispatcher.DispatcherTests.test_already_admitted_even_completed_mint_not_selected) ... ok
test_both_authorities_replayed_exactly (test_paper_entry_dispatcher.DispatcherTests.test_both_authorities_replayed_exactly) ... ok
test_context_config_source_taker_size_and_inode_refuse_before_credentials (test_paper_entry_dispatcher.DispatcherTests.test_context_config_source_taker_size_and_inode_refuse_before_credentials) ... ok
test_corrupt_discovery_hash_or_original_frame_rejects_nonmutating (test_paper_entry_dispatcher.DispatcherTests.test_corrupt_discovery_hash_or_original_frame_rejects_nonmutating) ... ok
test_dry_run_no_admission_credentials_or_io_and_context_activation (test_paper_entry_dispatcher.DispatcherTests.test_dry_run_no_admission_credentials_or_io_and_context_activation) ... ok
test_exact_operator_size_cost_rejection_is_preserved_and_not_retried (test_paper_entry_dispatcher.DispatcherTests.test_exact_operator_size_cost_rejection_is_preserved_and_not_retried) ... ok
test_extra_nonallowlisted_zero_supply_stays_unresolved (test_paper_entry_dispatcher.DispatcherTests.test_extra_nonallowlisted_zero_supply_stays_unresolved) ... ok
test_freeze_only_and_both_authorities_are_explicit_rejections (test_paper_entry_dispatcher.DispatcherTests.test_freeze_only_and_both_authorities_are_explicit_rejections) ... ok
test_freshness_boundaries_and_future_exclusion (test_paper_entry_dispatcher.DispatcherTests.test_freshness_boundaries_and_future_exclusion) ... ok
test_intake_rechecks_concurrent_null_pass_before_http_preserves_original_charges (test_paper_entry_dispatcher.DispatcherTests.test_intake_rechecks_concurrent_null_pass_before_http_preserves_original_charges) ... ok
test_interrupted_intent_blocks_restart_without_credentials_retry_or_new_scan (test_paper_entry_dispatcher.DispatcherTests.test_interrupted_intent_blocks_restart_without_credentials_retry_or_new_scan) ... ok
test_invalid_option_with_authority_stays_unresolved (test_paper_entry_dispatcher.DispatcherTests.test_invalid_option_with_authority_stays_unresolved) ... ok
test_journal_guard_replacement_and_oversize_refuse_before_materialization (test_paper_entry_dispatcher.DispatcherTests.test_journal_guard_replacement_and_oversize_refuse_before_materialization) ... ok
test_nested_event_not_direct_migration_child_is_not_candidate_hint (test_paper_entry_dispatcher.DispatcherTests.test_nested_event_not_direct_migration_child_is_not_candidate_hint) ... ok
test_newest_completed_non_sol_migration_skipped_for_older_sol (test_paper_entry_dispatcher.DispatcherTests.test_newest_completed_non_sol_migration_skipped_for_older_sol) ... ok
test_newest_retained_undecodable_notification_skips_without_integrity_waiver (test_paper_entry_dispatcher.DispatcherTests.test_newest_retained_undecodable_notification_skips_without_integrity_waiver) ... ok
test_null_blocktime_event_hint_preserves_original_and_requires_intake (test_paper_entry_dispatcher.DispatcherTests.test_null_blocktime_event_hint_preserves_original_and_requires_intake) ... ok
test_pacing_pending_and_waiters_block_without_intent_or_credentials (test_paper_entry_dispatcher.DispatcherTests.test_pacing_pending_and_waiters_block_without_intent_or_credentials) ... ok
test_pacing_waiter_before_rejection_publication_blocks (test_paper_entry_dispatcher.DispatcherTests.test_pacing_waiter_before_rejection_publication_blocks) ... ok
test_pacing_waiter_refuses_before_intent (test_paper_entry_dispatcher.DispatcherTests.test_pacing_waiter_refuses_before_intent) ... ok
test_partial_journal_and_oversize_context_reject_before_parse (test_paper_entry_dispatcher.DispatcherTests.test_partial_journal_and_oversize_context_reject_before_parse) ... ok
test_paused_ledger_refuses_before_intent_or_credentials (test_paper_entry_dispatcher.DispatcherTests.test_paused_ledger_refuses_before_intent_or_credentials) ... ok
test_real_cli_default_dry_run_and_invalid_activation_hash (test_paper_entry_dispatcher.DispatcherTests.test_real_cli_default_dry_run_and_invalid_activation_hash) ... ok
test_recovery_race_before_rejection_publication_preserves_intent (test_paper_entry_dispatcher.DispatcherTests.test_recovery_race_before_rejection_publication_preserves_intent) ... ok
test_rejection_changed_report_cannot_be_trusted_on_restart (test_paper_entry_dispatcher.DispatcherTests.test_rejection_changed_report_cannot_be_trusted_on_restart) ... ok
test_rejection_missing_retained_response_blocks_restart (test_paper_entry_dispatcher.DispatcherTests.test_rejection_missing_retained_response_blocks_restart) ... ok
test_rejection_restart_detects_changed_charge (test_paper_entry_dispatcher.DispatcherTests.test_rejection_restart_detects_changed_charge) ... ok
test_rejection_restart_detects_corrupt_retained_mint_not_status_string (test_paper_entry_dispatcher.DispatcherTests.test_rejection_restart_detects_corrupt_retained_mint_not_status_string) ... ok
test_rejection_restart_replays_and_considers_only_distinct_unadmitted_mint (test_paper_entry_dispatcher.DispatcherTests.test_rejection_restart_replays_and_considers_only_distinct_unadmitted_mint) ... ok
test_successful_noop_outer_migration_without_event_is_not_admitted (test_paper_entry_dispatcher.DispatcherTests.test_successful_noop_outer_migration_without_event_is_not_admitted) ... ok
test_unresolved_observation_globally_blocks (test_paper_entry_dispatcher.DispatcherTests.test_unresolved_observation_globally_blocks) ... ok
test_bounded_exit_grammar_refuses_hostile_flags_refs_and_scalars (test_paper_exit_adapter.ExitObservationTests.test_bounded_exit_grammar_refuses_hostile_flags_refs_and_scalars) ... ok
test_known_entry_hazard_triggers_exact_sell_and_idempotent_restart (test_paper_exit_adapter.ExitObservationTests.test_known_entry_hazard_triggers_exact_sell_and_idempotent_restart) ... ok
test_missing_quote_marks_unverified_and_forged_source_rolls_back (test_paper_exit_adapter.ExitObservationTests.test_missing_quote_marks_unverified_and_forged_source_rolls_back) ... ok
test_no_position_cannot_enter_and_default_strict_cannot_opt_in (test_paper_exit_adapter.ExitObservationTests.test_no_position_cannot_enter_and_default_strict_cannot_opt_in) ... ok
test_reproduce_entry_builder_failure_then_mark_actual_held_position (test_paper_exit_adapter.ExitObservationTests.test_reproduce_entry_builder_failure_then_mark_actual_held_position) ... ok
test_stale_collection_plus_existing_clock_expires_mark_without_fill (test_paper_exit_adapter.ExitObservationTests.test_stale_collection_plus_existing_clock_expires_mark_without_fill) ... ok
test_stale_corrupt_direction_decimals_and_exact_size_refuse_publication (test_paper_exit_adapter.ExitObservationTests.test_stale_corrupt_direction_decimals_and_exact_size_refuse_publication) ... ok
test_actual_collector_full_exit_read_and_reopened_duplicate (test_paper_exit_readers.ExitReaderTests.test_actual_collector_full_exit_read_and_reopened_duplicate) ... ok
test_actual_collector_partial_then_full_exit_keeps_basis_and_original_buy (test_paper_exit_readers.ExitReaderTests.test_actual_collector_partial_then_full_exit_keeps_basis_and_original_buy) ... ok
test_new_kind_never_rebinds_buy_and_default_view_does_not_opt_in (test_paper_exit_readers.ExitReaderTests.test_new_kind_never_rebinds_buy_and_default_view_does_not_opt_in) ... ok
test_partial_primary_source_rehash_after_final_close_blocks_all_consumers (test_paper_exit_readers.ExitReaderTests.test_partial_primary_source_rehash_after_final_close_blocks_all_consumers) ... ok
test_rehashed_exit_source_identity_and_inventory_attacks_fail_closed (test_paper_exit_readers.ExitReaderTests.test_rehashed_exit_source_identity_and_inventory_attacks_fail_closed) ... ok
test_v3_original_buy_risk_survives_exit_and_journal_risk_tampering_rejects (test_paper_exit_readers.ExitReaderTests.test_v3_original_buy_risk_survives_exit_and_journal_risk_tampering_rejects) ... ok
test_absent_and_empty_history_remain_explicit_incomplete_risk (test_paper_experimental_policy.PaperExperimentalPolicyTests.test_absent_and_empty_history_remain_explicit_incomplete_risk) ... ok
test_actual_controls_pass_history_risk_allowed_only_explicit_mode (test_paper_experimental_policy.PaperExperimentalPolicyTests.test_actual_controls_pass_history_risk_allowed_only_explicit_mode) ... ok
test_arbitrary_unknowns_and_findings_are_not_reclassified_as_history (test_paper_experimental_policy.PaperExperimentalPolicyTests.test_arbitrary_unknowns_and_findings_are_not_reclassified_as_history) ... ok
test_forged_summary_market_flags_never_create_candidate (test_paper_experimental_policy.PaperExperimentalPolicyTests.test_forged_summary_market_flags_never_create_candidate) ... ok
test_known_hazard_remains_visible_alongside_corrupt_history (test_paper_experimental_policy.PaperExperimentalPolicyTests.test_known_hazard_remains_visible_alongside_corrupt_history) ... ok
test_known_withdrawable_liquidity_rejects (test_paper_experimental_policy.PaperExperimentalPolicyTests.test_known_withdrawable_liquidity_rejects) ... ok
test_original_bound_history_never_becomes_waivable_by_corrupting_reference (test_paper_experimental_policy.PaperExperimentalPolicyTests.test_original_bound_history_never_becomes_waivable_by_corrupting_reference) ... ok
test_raw_known_token_hazards_always_block_risk_waiver (test_paper_experimental_policy.PaperExperimentalPolicyTests.test_raw_known_token_hazards_always_block_risk_waiver) ... ok
test_read_only_and_old_strict_assess_unchanged (test_paper_experimental_policy.PaperExperimentalPolicyTests.test_read_only_and_old_strict_assess_unchanged) ... ok
test_rehashed_wrong_request_binding_and_missing_payload_are_not_waivable (test_paper_experimental_policy.PaperExperimentalPolicyTests.test_rehashed_wrong_request_binding_and_missing_payload_are_not_waivable) ... ok
test_source_revision_stale_future_and_missing_records_block (test_paper_experimental_policy.PaperExperimentalPolicyTests.test_source_revision_stale_future_and_missing_records_block) ... ok
test_supplied_malformed_history_is_not_missing_history_risk (test_paper_experimental_policy.PaperExperimentalPolicyTests.test_supplied_malformed_history_is_not_missing_history_risk) ... ok
test_token2022_exclusion_and_unknown_controls_never_waived (test_paper_experimental_policy.PaperExperimentalPolicyTests.test_token2022_exclusion_and_unknown_controls_never_waived) ... ok
test_explicit_mode_bounds_and_rule_is_not_entry_admission (test_paper_experimental_policy.PaperExperimentalRuleTests.test_explicit_mode_bounds_and_rule_is_not_entry_admission) ... ok
test_observed_history_conflicts_and_unrecognized_failures_not_waived (test_paper_experimental_policy.PaperExperimentalRuleTests.test_observed_history_conflicts_and_unrecognized_failures_not_waived) ... ok
test_unsupported_platform_refuses_before_sqlite_without_risk (test_paper_experimental_policy.PaperExperimentalRuleTests.test_unsupported_platform_refuses_before_sqlite_without_risk) ... ok
test_history_dependent_omissions_explicit_no_safety_or_fake_zero (test_paper_experimental_scoring.PaperExperimentalHistoryProfileTests.test_history_dependent_omissions_explicit_no_safety_or_fake_zero) ... ok
test_known_bad_developer_wallet_and_manipulation_not_erased (test_paper_experimental_scoring.PaperExperimentalHistoryProfileTests.test_known_bad_developer_wallet_and_manipulation_not_erased) ... ok
test_manipulation_safety_unknown_never_shown_as_safe_scalar (test_paper_experimental_scoring.PaperExperimentalHistoryProfileTests.test_manipulation_safety_unknown_never_shown_as_safe_scalar) ... ok
test_remaining_flow_momentum_price_and_controls_still_mandatory (test_paper_experimental_scoring.PaperExperimentalHistoryProfileTests.test_remaining_flow_momentum_price_and_controls_still_mandatory) ... ok
test_explicit_mode_version_metadata_and_null_binding_required (test_paper_experimental_scoring.PaperExperimentalScoringTests.test_explicit_mode_version_metadata_and_null_binding_required) ... ok
test_explicit_paper_configuration_and_event_version (test_paper_experimental_scoring.PaperExperimentalScoringTests.test_explicit_paper_configuration_and_event_version) ... ok
test_explicit_unknown_validates_and_scores_only_measured_components (test_paper_experimental_scoring.PaperExperimentalScoringTests.test_explicit_unknown_validates_and_scores_only_measured_components) ... ok
test_freshness_and_low_flow_momentum_thresholds_unchanged (test_paper_experimental_scoring.PaperExperimentalScoringTests.test_freshness_and_low_flow_momentum_thresholds_unchanged) ... ok
test_fully_measured_ownership_retains_original_safety_and_weighting (test_paper_experimental_scoring.PaperExperimentalScoringTests.test_fully_measured_ownership_retains_original_safety_and_weighting) ... ok
test_known_nonownership_hazards_all_still_gate (test_paper_experimental_scoring.PaperExperimentalScoringTests.test_known_nonownership_hazards_all_still_gate) ... ok
test_manipulation_penalty_and_capital_cost_inputs_not_bypassed (test_paper_experimental_scoring.PaperExperimentalScoringTests.test_manipulation_penalty_and_capital_cost_inputs_not_bypassed) ... ok
test_no_unrelated_missing_numeric_boolean_or_time_is_waived (test_paper_experimental_scoring.PaperExperimentalScoringTests.test_no_unrelated_missing_numeric_boolean_or_time_is_waived) ... ok
test_partial_known_ownership_hazard_never_hidden_by_omission (test_paper_experimental_scoring.PaperExperimentalScoringTests.test_partial_known_ownership_hazard_never_hidden_by_omission) ... ok
test_strict_validation_scoring_and_gates_unchanged (test_paper_experimental_scoring.PaperExperimentalScoringTests.test_strict_validation_scoring_and_gates_unchanged) ... ok
test_eight_page_limit_preserves_partial_history_without_window_promotion (test_paper_history_page_size.PaperHistoryPageSizeTests.test_eight_page_limit_preserves_partial_history_without_window_promotion) ... ok
test_large_normal_pages_replay_exactly_across_restart_and_cursor (test_paper_history_page_size.PaperHistoryPageSizeTests.test_large_normal_pages_replay_exactly_across_restart_and_cursor) ... ok
test_legacy_hundred_row_query_and_coverage_replay_unchanged (test_paper_history_page_size.PaperHistoryPageSizeTests.test_legacy_hundred_row_query_and_coverage_replay_unchanged) ... ok
test_one_giant_transaction_still_fails_original_response_cap_and_keeps_charge (test_paper_history_page_size.PaperHistoryPageSizeTests.test_one_giant_transaction_still_fails_original_response_cap_and_keeps_charge) ... ok
test_seed_smaller_page_coverage_retains_query_size_for_continuation (test_paper_history_page_size.PaperHistoryPageSizeTests.test_seed_smaller_page_coverage_retains_query_size_for_continuation) ... ok
test_server_exceeds_requested_rows_fails_charged_with_raw_retained (test_paper_history_page_size.PaperHistoryPageSizeTests.test_server_exceeds_requested_rows_fails_charged_with_raw_retained) ... ok
test_shared_eighteen_limit_preserves_prior_charges_and_partial_history (test_paper_history_page_size.PaperHistoryPageSizeTests.test_shared_eighteen_limit_preserves_prior_charges_and_partial_history) ... ok
test_size_tampering_and_bad_types_reject_without_new_charge (test_paper_history_page_size.PaperHistoryPageSizeTests.test_size_tampering_and_bad_types_reject_without_new_charge) ... ok
test_bad_deadline_and_slot_query_refuse (test_paper_history_source.HistorySourceTests.test_bad_deadline_and_slot_query_refuse) ... ok
test_budget_substitution_at_transport_reservation_boundary_rejects (test_paper_history_source.HistorySourceTests.test_budget_substitution_at_transport_reservation_boundary_rejects) ... ok
test_constructor_lookup_consumes_original_deadline (test_paper_history_source.HistorySourceTests.test_constructor_lookup_consumes_original_deadline) ... ok
test_continuation_exact_cursor_without_double_charge (test_paper_history_source.HistorySourceTests.test_continuation_exact_cursor_without_double_charge) ... ok
test_cross_budget_substitution_and_restart_reject_before_io (test_paper_history_source.HistorySourceTests.test_cross_budget_substitution_and_restart_reject_before_io) ... ok
test_failure_retained_and_charged (test_paper_history_source.HistorySourceTests.test_failure_retained_and_charged) ... ok
test_interrupted_attempt_restart_preserves_window_and_counter (test_paper_history_source.HistorySourceTests.test_interrupted_attempt_restart_preserves_window_and_counter) ... ok
test_matching_request_without_reservation_rejects_before_network (test_paper_history_source.HistorySourceTests.test_matching_request_without_reservation_rejects_before_network) ... ok
test_reserved_once_original_page_and_wire (test_paper_history_source.HistorySourceTests.test_reserved_once_original_page_and_wire) ... ok
test_transport_construction_cannot_replenish_deadline (test_paper_history_source.HistorySourceTests.test_transport_construction_cannot_replenish_deadline) ... ok
test_unreserved_mismatched_and_repeated_rejected (test_paper_history_source.HistorySourceTests.test_unreserved_mismatched_and_repeated_rejected) ... ok
test_actual_http403_reviewed_retirement_original_null_charges_and_no_retry (test_paper_http403_retirement.HTTP403RetirementTests.test_actual_http403_reviewed_retirement_original_null_charges_and_no_retry) ... ok
test_all_three_consumers_retire_before_credentials_and_unrelated_wrapper_passes (test_paper_http403_retirement.HTTP403RetirementTests.test_all_three_consumers_retire_before_credentials_and_unrelated_wrapper_passes) ... ok
test_changed_result_missing_binding_attempt_evidence_and_additional_charge_refuse (test_paper_http403_retirement.HTTP403RetirementTests.test_changed_result_missing_binding_attempt_evidence_and_additional_charge_refuse) ... ok
test_partial_ddl_and_failed_insert_roll_back (test_paper_http403_retirement.HTTP403RetirementTests.test_partial_ddl_and_failed_insert_roll_back) ... ok
test_pending_pacing_and_changed_ledger_refuse_nonmutating (test_paper_http403_retirement.HTTP403RetirementTests.test_pending_pacing_and_changed_ledger_refuse_nonmutating) ... ok
test_receipt_guards_partial_publication_and_original_evidence_corruption (test_paper_http403_retirement.HTTP403RetirementTests.test_receipt_guards_partial_publication_and_original_evidence_corruption) ... ok
test_wrong_status_ambiguous_body_source_request_and_counter_refuse (test_paper_http403_retirement.HTTP403RetirementTests.test_wrong_status_ambiguous_body_source_request_and_counter_refuse) ... ok
test_bounded_history_and_read_only_original_records (test_paper_loop_visibility.PaperLoopVisibilityTests.test_bounded_history_and_read_only_original_records) ... ok
test_existing_api_presents_saved_synthetic_activity_without_writes (test_paper_loop_visibility.PaperLoopVisibilityTests.test_existing_api_presents_saved_synthetic_activity_without_writes) ... ok
test_initialized_synthetic_cash_is_saved_not_alive_or_live (test_paper_loop_visibility.PaperLoopVisibilityTests.test_initialized_synthetic_cash_is_saved_not_alive_or_live) ... ok
test_marker_only_unknown_live_and_conflicting_market_fail_closed (test_paper_loop_visibility.PaperLoopVisibilityTests.test_marker_only_unknown_live_and_conflicting_market_fail_closed) ... ok
test_mismatched_code_config_missing_checkpoint_and_substituted_event_redact (test_paper_loop_visibility.PaperLoopVisibilityTests.test_mismatched_code_config_missing_checkpoint_and_substituted_event_redact) ... ok
test_plain_ledger_is_not_adopted_as_runner (test_paper_loop_visibility.PaperLoopVisibilityTests.test_plain_ledger_is_not_adopted_as_runner) ... ok
test_saved_market_activity_age_hash_positions_outcomes_and_restart (test_paper_loop_visibility.PaperLoopVisibilityTests.test_saved_market_activity_age_hash_positions_outcomes_and_restart) ... ok
test_synthetic_renderer_ages_liveness_and_event_identity_escape (test_paper_loop_visibility.PaperLoopVisibilityTests.test_synthetic_renderer_ages_liveness_and_event_identity_escape) ... ok
test_duplicate_json_field_is_not_laundered_by_rehashing (test_paper_loop_visibility_repair.PaperLoopVisibilityRepairTests.test_duplicate_json_field_is_not_laundered_by_rehashing) ... ok
test_exact_event_utf8_byte_cap_and_original_payload_preserved (test_paper_loop_visibility_repair.PaperLoopVisibilityRepairTests.test_exact_event_utf8_byte_cap_and_original_payload_preserved) ... ok
test_exact_history_count_accepts_valid_saved_clocks_without_liveness (test_paper_loop_visibility_repair.PaperLoopVisibilityRepairTests.test_exact_history_count_accepts_valid_saved_clocks_without_liveness) ... ok
test_future_live_marker_does_not_select_a_profile_from_event_flags (test_paper_loop_visibility_repair.PaperLoopVisibilityRepairTests.test_future_live_marker_does_not_select_a_profile_from_event_flags) ... ok
test_large_utf8_or_wrong_sql_type_refuses_before_payload_load (test_paper_loop_visibility_repair.PaperLoopVisibilityRepairTests.test_large_utf8_or_wrong_sql_type_refuses_before_payload_load) ... ok
test_rehashed_malformed_event_grammar_refuses_saved_activity (test_paper_loop_visibility_repair.PaperLoopVisibilityRepairTests.test_rehashed_malformed_event_grammar_refuses_saved_activity) ... ok
test_valid_custom_config_actual_runner_projection_and_expected_config (test_paper_loop_visibility_repair.PaperLoopVisibilityRepairTests.test_valid_custom_config_actual_runner_projection_and_expected_config) ... ok
test_whole_history_aggregate_refuses_before_any_payload_load (test_paper_loop_visibility_repair.PaperLoopVisibilityRepairTests.test_whole_history_aggregate_refuses_before_any_payload_load) ... ok
test_whole_history_count_refuses_before_any_payload_load (test_paper_loop_visibility_repair.PaperLoopVisibilityRepairTests.test_whole_history_count_refuses_before_any_payload_load) ... ok
test_actual_collector_replay_produces_versioned_event_no_proof_defaults (test_paper_market_adapter.PaperMarketAdapterTests.test_actual_collector_replay_produces_versioned_event_no_proof_defaults) ... ok
test_actual_quote_execution_plans_and_binds_trusted_builder_taker (test_paper_market_adapter.PaperMarketAdapterTests.test_actual_quote_execution_plans_and_binds_trusted_builder_taker) ... ok
test_atomic_pool_supply_dates_marketcap_even_if_earlier_mint_supply_differs (test_paper_market_adapter.PaperMarketAdapterTests.test_atomic_pool_supply_dates_marketcap_even_if_earlier_mint_supply_differs) ... ok
test_captured_window_identity_and_measurement_end_cannot_be_forged (test_paper_market_adapter.PaperMarketAdapterTests.test_captured_window_identity_and_measurement_end_cannot_be_forged) ... ok
test_combined_price_time_keeps_older_reserve_observation (test_paper_market_adapter.PaperMarketAdapterTests.test_combined_price_time_keeps_older_reserve_observation) ... ok
test_known_hazards_and_mutated_source_target_quote_reject (test_paper_market_adapter.PaperMarketAdapterTests.test_known_hazards_and_mutated_source_target_quote_reject) ... ok
test_missing_actual_window_and_partial_event_data_never_become_zero (test_paper_market_adapter.PaperMarketAdapterTests.test_missing_actual_window_and_partial_event_data_never_become_zero) ... ok
test_missing_usd_graduation_fee_and_stale_times_have_exact_diagnostics (test_paper_market_adapter.PaperMarketAdapterTests.test_missing_usd_graduation_fee_and_stale_times_have_exact_diagnostics) ... ok
test_old_window_does_not_bypass_actual_component_or_strategy_freshness (test_paper_market_adapter.PaperMarketAdapterTests.test_old_window_does_not_bypass_actual_component_or_strategy_freshness) ... ok
test_original_window_survives_later_quote_and_decision_without_relabel (test_paper_market_adapter.PaperMarketAdapterTests.test_original_window_survives_later_quote_and_decision_without_relabel) ... ok
test_profile_missing_changed_measurements_formulas_legacy_values_and_times_reject (test_paper_market_adapter.PaperMarketAdapterTests.test_profile_missing_changed_measurements_formulas_legacy_values_and_times_reject) ... ok
test_profile_scoring_persists_definitions_and_known_adverse_signal_rejects (test_paper_market_adapter.PaperMarketAdapterTests.test_profile_scoring_persists_definitions_and_known_adverse_signal_rejects) ... ok
test_read_failure_is_static_and_adapter_never_reserves_or_writes (test_paper_market_adapter.PaperMarketAdapterTests.test_read_failure_is_static_and_adapter_never_reserves_or_writes) ... ok
test_strict_v1_v2_cannot_accept_new_profile_or_implicit_opt_in (test_paper_market_adapter.PaperMarketAdapterTests.test_strict_v1_v2_cannot_accept_new_profile_or_implicit_opt_in) ... ok
test_actual_five_read_guard_expiry_and_old_marks_without_polling_or_mutation (test_paper_monitor_operator.MonitorOperatorTests.test_actual_five_read_guard_expiry_and_old_marks_without_polling_or_mutation) ... ok
test_cli_insufficient_allowance_refuses_before_credentials_and_preserves144 (test_paper_monitor_operator.MonitorOperatorTests.test_cli_insufficient_allowance_refuses_before_credentials_and_preserves144) ... ok
test_explicit_provision_once_and_lock_contention_never_resets (test_paper_monitor_operator.MonitorOperatorTests.test_explicit_provision_once_and_lock_contention_never_resets) ... ok
test_unprovisioned_preflight_never_creates_budget (test_paper_monitor_operator.MonitorOperatorTests.test_unprovisioned_preflight_never_creates_budget) ... ok
test_actual_empty_export_does_not_load_credentials_or_call_cycle (test_paper_monitor_service.MonitorServiceTests.test_actual_empty_export_does_not_load_credentials_or_call_cycle) ... ok
test_actual_exported_remaining_quantity_and_positions_only_invocation (test_paper_monitor_service.MonitorServiceTests.test_actual_exported_remaining_quantity_and_positions_only_invocation) ... ok
test_dependency_hold_stops_before_export_or_credentials (test_paper_monitor_service.MonitorServiceTests.test_dependency_hold_stops_before_export_or_credentials) ... ok
test_inactive_units_no_enable_retry_listener_or_provision (test_paper_monitor_service.MonitorServiceTests.test_inactive_units_no_enable_retry_listener_or_provision) ... ok
test_admission_transition_before_next_io_also_stops_batch (test_paper_observation_collector.PaperObservationCollectorTests.test_admission_transition_before_next_io_also_stops_batch) ... ok
test_admission_uncertainty_after_prior_success_blocks_remaining_candidates (test_paper_observation_collector.PaperObservationCollectorTests.test_admission_uncertainty_after_prior_success_blocks_remaining_candidates) ... ok
test_ambiguous_failure_never_retries_or_reads_new_candidate_or_leaks (test_paper_observation_collector.PaperObservationCollectorTests.test_ambiguous_failure_never_retries_or_reads_new_candidate_or_leaks) ... ok
test_completion_clock_exception_keeps_exact_returned_response_and_stops (test_paper_observation_collector.PaperObservationCollectorTests.test_completion_clock_exception_keeps_exact_returned_response_and_stops) ... ok
test_deadline_rechecked_after_persisted_admission_before_io (test_paper_observation_collector.PaperObservationCollectorTests.test_deadline_rechecked_after_persisted_admission_before_io) ... ok
test_initial_no_io_admission_rejection_can_still_collect_approved_target (test_paper_observation_collector.PaperObservationCollectorTests.test_initial_no_io_admission_rejection_can_still_collect_approved_target) ... ok
test_input_and_policy_bounds_and_inconsistent_completed_source (test_paper_observation_collector.PaperObservationCollectorTests.test_input_and_policy_bounds_and_inconsistent_completed_source) ... ok
test_monotonic_regression_and_source_identity_reject (test_paper_observation_collector.PaperObservationCollectorTests.test_monotonic_regression_and_source_identity_reject) ... ok
test_no_candidate_io_without_accepted_persisted_admission (test_paper_observation_collector.PaperObservationCollectorTests.test_no_candidate_io_without_accepted_persisted_admission) ... ok
test_original_request_survives_mutation_and_invalid_completion_clock (test_paper_observation_collector.PaperObservationCollectorTests.test_original_request_survives_mutation_and_invalid_completion_clock) ... ok
test_originals_saved_before_normalization_and_stale_quote_rejected (test_paper_observation_collector.PaperObservationCollectorTests.test_originals_saved_before_normalization_and_stale_quote_rejected) ... ok
test_per_pass_ceiling_includes_failed_attempts (test_paper_observation_collector.PaperObservationCollectorTests.test_per_pass_ceiling_includes_failed_attempts) ... ok
test_post_io_finalizer_preparation_stops_batch_and_preserves_response (test_paper_observation_collector.PaperObservationCollectorTests.test_post_io_finalizer_preparation_stops_batch_and_preserves_response) ... ok
test_shared_ceiling_survives_repeated_passes_and_cannot_reset (test_paper_observation_collector.PaperObservationCollectorTests.test_shared_ceiling_survives_repeated_passes_and_cannot_reset) ... ok
test_successful_raw_response_persisted_even_when_deadline_exceeded (test_paper_observation_collector.PaperObservationCollectorTests.test_successful_raw_response_persisted_even_when_deadline_exceeded) ... ok
test_uncharged_wrapper_and_corrupt_quote_stop_without_retry (test_paper_observation_collector.PaperObservationCollectorTests.test_uncharged_wrapper_and_corrupt_quote_stop_without_retry) ... ok
test_usable_open_position_before_candidate_exact_units_and_provenance (test_paper_observation_collector.PaperObservationCollectorTests.test_usable_open_position_before_candidate_exact_units_and_provenance) ... ok
test_wrong_store_mint_and_prepared_admission_reject_before_io (test_paper_observation_collector.PaperObservationCollectorTests.test_wrong_store_mint_and_prepared_admission_reject_before_io) ... ok
test_actual_cli_collects_seven_charged_reads_original_bytes_no_entries (test_paper_observe_cli.ObservationCliTests.test_actual_cli_collects_seven_charged_reads_original_bytes_no_entries) ... ok
test_empty_and_missing_databases_no_creation (test_paper_observe_cli.ObservationCliTests.test_empty_and_missing_databases_no_creation) ... ok
test_evidence_invocation_busy_zero_reads (test_paper_observe_cli.ObservationCliTests.test_evidence_invocation_busy_zero_reads) ... ok
test_exhausted_position_blocks_candidate_and_usd_without_reset (test_paper_observe_cli.ObservationCliTests.test_exhausted_position_blocks_candidate_and_usd_without_reset) ... ok
test_failed_read_latches_restart_and_different_targets_without_new_charge (test_paper_observe_cli.ObservationCliTests.test_failed_read_latches_restart_and_different_targets_without_new_charge) ... ok
test_interrupted_charged_read_latches_without_published_outcome (test_paper_observe_cli.ObservationCliTests.test_interrupted_charged_read_latches_without_published_outcome) ... ok
test_invalid_existing_databases_unchanged_before_admission_rejection (test_paper_observe_cli.ObservationCliTests.test_invalid_existing_databases_unchanged_before_admission_rejection) ... ok
test_missing_admission_keeps_all_original_tables_and_pages_unchanged (test_paper_observe_cli.ObservationCliTests.test_missing_admission_keeps_all_original_tables_and_pages_unchanged) ... ok
test_missing_admission_never_recreates_counter_or_reads (test_paper_observe_cli.ObservationCliTests.test_missing_admission_never_recreates_counter_or_reads) ... ok
test_module_cli_missing_db_reports_unknown_without_creating_files (test_paper_observe_cli.ObservationCliTests.test_module_cli_missing_db_reports_unknown_without_creating_files) ... ok
test_null_exact_block_time_unknown_and_all_three_witnesses_retained (test_paper_observe_cli.ObservationCliTests.test_null_exact_block_time_unknown_and_all_three_witnesses_retained) ... ok
test_output_persistence_interruption_remains_latched (test_paper_observe_cli.ObservationCliTests.test_output_persistence_interruption_remains_latched) ... ok
test_position_sell_precedes_buy_and_usd (test_paper_observe_cli.ObservationCliTests.test_position_sell_precedes_buy_and_usd) ... ok
test_price_64k_limit_failure_account_quote_2m_limit_explicit (test_paper_observe_cli.ObservationCliTests.test_price_64k_limit_failure_account_quote_2m_limit_explicit) ... ok
test_quote_failure_stops_and_retains_charged_original_without_usd (test_paper_observe_cli.ObservationCliTests.test_quote_failure_stops_and_retains_charged_original_without_usd) ... ok
test_restart_uses_remaining_counter_and_preserves_completed_source (test_paper_observe_cli.ObservationCliTests.test_restart_uses_remaining_counter_and_preserves_completed_source) ... ok
test_target_file_bounds_unknown_keys_and_no_permission_flags (test_paper_observe_cli.ObservationCliTests.test_target_file_bounds_unknown_keys_and_no_permission_flags) ... ok
test_total_pass_limit_also_bounds_usd_witness_reads (test_paper_observe_cli.ObservationCliTests.test_total_pass_limit_also_bounds_usd_witness_reads) ... ok
test_usd_missing_never_pegged (test_paper_observe_cli.ObservationCliTests.test_usd_missing_never_pegged) ... ok
test_usd_null_never_numeric_default (test_paper_observe_cli.ObservationCliTests.test_usd_null_never_numeric_default) ... ok
test_usd_stale_never_healthy_or_numeric_default (test_paper_observe_cli.ObservationCliTests.test_usd_stale_never_healthy_or_numeric_default) ... ok
test_worker_busy_zero_reads_and_no_admission_mutation (test_paper_observe_cli.ObservationCliTests.test_worker_busy_zero_reads_and_no_admission_mutation) ... ok
test_actual_entry_monitor_exit_restart_with_token2022_lp_and_net_reserves (test_paper_pool_compatibility.ActualCycleCompatibilityTests.test_actual_entry_monitor_exit_restart_with_token2022_lp_and_net_reserves) ... ok
test_boost_signed_boundaries_and_zero_virtual_with_fees_stay_blocked (test_paper_pool_compatibility.PoolCompatibilityTests.test_boost_signed_boundaries_and_zero_virtual_with_fees_stay_blocked) ... ok
test_each_fee_bucket_and_zero_fee_profile (test_paper_pool_compatibility.PoolCompatibilityTests.test_each_fee_bucket_and_zero_fee_profile) ... ok
test_exact_lp_and_proven_nonboost_fees_use_net_once_preserve_gross (test_paper_pool_compatibility.PoolCompatibilityTests.test_exact_lp_and_proven_nonboost_fees_use_net_once_preserve_gross) ... ok
test_fee_underflow_zero_and_u64_extremes_block_physical_capacity (test_paper_pool_compatibility.PoolCompatibilityTests.test_fee_underflow_zero_and_u64_extremes_block_physical_capacity) ... ok
test_lp_and_fee_support_do_not_waive_other_pool_hazards (test_paper_pool_compatibility.PoolCompatibilityTests.test_lp_and_fee_support_do_not_waive_other_pool_hazards) ... ok
test_lp_hazardous_or_unknown_layouts_never_pass (test_paper_pool_compatibility.PoolCompatibilityTests.test_lp_hazardous_or_unknown_layouts_never_pass) ... ok
test_actual_failure_plan_append_originals_and_no_retry_gate (test_paper_preparation_retirement.PreparationRetirementTests.test_actual_failure_plan_append_originals_and_no_retry_gate) ... ok
test_additional_charge_refused (test_paper_preparation_retirement.PreparationRetirementTests.test_additional_charge_refused) ... ok
test_all_history_materialized_fields_have_scalar_preflight (test_paper_preparation_retirement.PreparationRetirementTests.test_all_history_materialized_fields_have_scalar_preflight) ... ok
test_append_immutable_delete_update_replace (test_paper_preparation_retirement.PreparationRetirementTests.test_append_immutable_delete_update_replace) ... ok
test_apply_rollback_leaves_no_partial_schema (test_paper_preparation_retirement.PreparationRetirementTests.test_apply_rollback_leaves_no_partial_schema) ... ok
test_cli_defaults_to_readonly_proposal_and_requires_explicit_apply (test_paper_preparation_retirement.PreparationRetirementTests.test_cli_defaults_to_readonly_proposal_and_requires_explicit_apply) ... ok
test_completed_preparation_artifact_contradiction_refused (test_paper_preparation_retirement.PreparationRetirementTests.test_completed_preparation_artifact_contradiction_refused) ... ok
test_current_ledger_not_original_backup_refused (test_paper_preparation_retirement.PreparationRetirementTests.test_current_ledger_not_original_backup_refused) ... ok
test_duplicate_charged_attempt_refused (test_paper_preparation_retirement.PreparationRetirementTests.test_duplicate_charged_attempt_refused) ... ok
test_failure_type_and_request_mutations_cannot_be_relabelled (test_paper_preparation_retirement.PreparationRetirementTests.test_failure_type_and_request_mutations_cannot_be_relabelled) ... ok
test_future_valid_ledger_control_does_not_reopen_retired_scan (test_paper_preparation_retirement.PreparationRetirementTests.test_future_valid_ledger_control_does_not_reopen_retired_scan) ... ok
test_inventory_bound_before_page_load (test_paper_preparation_retirement.PreparationRetirementTests.test_inventory_bound_before_page_load) ... ok
test_ledger_original_rowid_change_refused (test_paper_preparation_retirement.PreparationRetirementTests.test_ledger_original_rowid_change_refused) ... ok
test_ledger_raw_or_health_changes_refused (test_paper_preparation_retirement.PreparationRetirementTests.test_ledger_raw_or_health_changes_refused) ... ok
test_missing_failed_record_refused (test_paper_preparation_retirement.PreparationRetirementTests.test_missing_failed_record_refused) ... ok
test_no_review_pin_no_apply (test_paper_preparation_retirement.PreparationRetirementTests.test_no_review_pin_no_apply) ... ok
test_no_transport_body_fabrication (test_paper_preparation_retirement.PreparationRetirementTests.test_no_transport_body_fabrication) ... ok
test_old_source_plan_append_then_explicit_runtime_transition (test_paper_preparation_retirement.PreparationRetirementTests.test_old_source_plan_append_then_explicit_runtime_transition) ... ok
test_oversized_history_status_refused_before_row_materialization (test_paper_preparation_retirement.PreparationRetirementTests.test_oversized_history_status_refused_before_row_materialization) ... ok
test_oversized_page_hash_refused_before_any_proof_load (test_paper_preparation_retirement.PreparationRetirementTests.test_oversized_page_hash_refused_before_any_proof_load) ... ok
test_oversized_schema_sql_refused_before_inventory_fetch (test_paper_preparation_retirement.PreparationRetirementTests.test_oversized_schema_sql_refused_before_inventory_fetch) ... ok
test_plan_no_schema_or_ledger_writes (test_paper_preparation_retirement.PreparationRetirementTests.test_plan_no_schema_or_ledger_writes) ... ok
test_policy_removal_invalidates_saved_receipt (test_paper_preparation_retirement.PreparationRetirementTests.test_policy_removal_invalidates_saved_receipt) ... ok
test_query_rowid_changed_refused (test_paper_preparation_retirement.PreparationRetirementTests.test_query_rowid_changed_refused) ... ok
test_query_scope_changed_refused (test_paper_preparation_retirement.PreparationRetirementTests.test_query_scope_changed_refused) ... ok
test_receipt_guard_loss_blocks_gate (test_paper_preparation_retirement.PreparationRetirementTests.test_receipt_guard_loss_blocks_gate) ... ok
test_reservation_status_changed_refused (test_paper_preparation_retirement.PreparationRetirementTests.test_reservation_status_changed_refused) ... ok
test_unrelated_null_remains_blocked (test_paper_preparation_retirement.PreparationRetirementTests.test_unrelated_null_remains_blocked) ... ok
test_actual_v3_entry_checkpoint_and_dashboard_without_history_synthesis (test_paper_quote_readers.QuoteReaderTests.test_actual_v3_entry_checkpoint_and_dashboard_without_history_synthesis) ... ok
test_closed_journal_corruption_is_not_hidden_by_empty_inventory (test_paper_quote_readers.QuoteReaderTests.test_closed_journal_corruption_is_not_hidden_by_empty_inventory) ... ok
test_corruption_rejects_before_duplicate_and_new_fill_without_mutation (test_paper_quote_readers.QuoteReaderTests.test_corruption_rejects_before_duplicate_and_new_fill_without_mutation) ... ok
test_entry_restart_view_and_duplicate_preserve_unverified_metadata (test_paper_quote_readers.QuoteReaderTests.test_entry_restart_view_and_duplicate_preserve_unverified_metadata) ... ok
test_explicit_configuration_rejects_legacy_alias_and_conflicts (test_paper_quote_readers.QuoteReaderTests.test_explicit_configuration_rejects_legacy_alias_and_conflicts) ... ok
test_legacy_experimental_quote_scores_replay_at_pinned_precision (test_paper_quote_readers.QuoteReaderTests.test_legacy_experimental_quote_scores_replay_at_pinned_precision) ... ok
test_outcome_sql_bounds_precede_body_loading (test_paper_quote_readers.QuoteReaderTests.test_outcome_sql_bounds_precede_body_loading) ... ok
test_partial_remaining_basis_and_raw_dust_are_reconciled (test_paper_quote_readers.QuoteReaderTests.test_partial_remaining_basis_and_raw_dust_are_reconciled) ... ok
test_chunked_conflicting_duplicate_and_unsupported_headers_never_read (test_paper_read_sources.PaperReadTests.test_chunked_conflicting_duplicate_and_unsupported_headers_never_read) ... ok
test_chunked_exact_original_entity_and_charge_survive_restart (test_paper_read_sources.PaperReadTests.test_chunked_exact_original_entity_and_charge_survive_restart) ... ok
test_chunked_framing_overhead_is_bounded (test_paper_read_sources.PaperReadTests.test_chunked_framing_overhead_is_bounded) ... ok
test_chunked_oversized_entity_and_deadline_remain_blocked (test_paper_read_sources.PaperReadTests.test_chunked_oversized_entity_and_deadline_remain_blocked) ... ok
test_chunked_partial_data_and_transport_failure_preserve_only_entity (test_paper_read_sources.PaperReadTests.test_chunked_partial_data_and_transport_failure_preserve_only_entity) ... ok
test_chunked_plain_boundary_profile_rejects_extensions_trailers_and_invalid_sizes (test_paper_read_sources.PaperReadTests.test_chunked_plain_boundary_profile_rejects_extensions_trailers_and_invalid_sizes) ... ok
test_chunked_truncated_body_retains_partial_without_success (test_paper_read_sources.PaperReadTests.test_chunked_truncated_body_retains_partial_without_success) ... ok
test_confirmed_multiple_accounts_keeps_key_order_floor (test_paper_read_sources.PaperReadTests.test_confirmed_multiple_accounts_keeps_key_order_floor) ... ok
test_deadline_includes_reservation_time_and_late_response_retained (test_paper_read_sources.PaperReadTests.test_deadline_includes_reservation_time_and_late_response_retained) ... ok
test_exact_price_bytes_and_charged_slot_time_witnesses (test_paper_read_sources.PaperReadTests.test_exact_price_bytes_and_charged_slot_time_witnesses) ... ok
test_failure_charged_exact_partial_preserved_and_redacted (test_paper_read_sources.PaperReadTests.test_failure_charged_exact_partial_preserved_and_redacted) ... ok
test_header_ambiguity_transfer_encoding_caps_truncation (test_paper_read_sources.PaperReadTests.test_header_ambiguity_transfer_encoding_caps_truncation) ... ok
test_invalid_grammar_before_credentials_network_or_charge (test_paper_read_sources.PaperReadTests.test_invalid_grammar_before_credentials_network_or_charge) ... ok
test_missing_admission_never_creates_budget_or_network (test_paper_read_sources.PaperReadTests.test_missing_admission_never_creates_budget_or_network) ... ok
test_missing_credentials_charge_and_exhaustion_survives_reconstruction (test_paper_read_sources.PaperReadTests.test_missing_credentials_charge_and_exhaustion_survives_reconstruction) ... ok
test_original_params_detached_before_transport (test_paper_read_sources.PaperReadTests.test_original_params_detached_before_transport) ... ok
test_outcome_write_failure_does_not_refund_attempt (test_paper_read_sources.PaperReadTests.test_outcome_write_failure_does_not_refund_attempt) ... ok
test_price_parser_limit_exact_boundary_and_oversize (test_paper_read_sources.PaperReadTests.test_price_parser_limit_exact_boundary_and_oversize) ... ok
test_quote_and_sol_price_fixed_get_paths_preserve_provider_fields (test_paper_read_sources.PaperReadTests.test_quote_and_sol_price_fixed_get_paths_preserve_provider_fields) ... ok
test_quote_requires_admitted_mint_sol_pair_before_charge (test_paper_read_sources.PaperReadTests.test_quote_requires_admitted_mint_sol_pair_before_charge) ... ok
test_real_httpresponse_rejects_transfer_framing_before_read (test_paper_read_sources.PaperReadTests.test_real_httpresponse_rejects_transfer_framing_before_read) ... ok
test_real_loopback_chunked_success_and_review_failures (test_paper_read_sources.PaperReadTests.test_real_loopback_chunked_success_and_review_failures) ... ok
test_redirect_and_http_failures_static_charged_once (test_paper_read_sources.PaperReadTests.test_redirect_and_http_failures_static_charged_once) ... ok
test_review_deadline_inside_chunk_decoder_retains_received_entity (test_paper_read_sources.PaperReadTests.test_review_deadline_inside_chunk_decoder_retains_received_entity) ... ok
test_review_malformed_chunk_boundaries_never_acknowledge_success (test_paper_read_sources.PaperReadTests.test_review_malformed_chunk_boundaries_never_acknowledge_success) ... ok
test_rpc_original_confirmed_request_single_attempt_and_persisted_wire (test_paper_read_sources.PaperReadTests.test_rpc_original_confirmed_request_single_attempt_and_persisted_wire) ... ok
test_slot_time_grammar_before_charge_and_unknown_time_rejects (test_paper_read_sources.PaperReadTests.test_slot_time_grammar_before_charge_and_unknown_time_rejects) ... ok
test_strict_json_ids_errors_and_bounds (test_paper_read_sources.PaperReadTests.test_strict_json_ids_errors_and_bounds) ... ok
test_actual_duplicate_replay_cli_rejects_corrupt_checkpoint_without_report (test_paper_restart_integration.PaperRestartIntegrationTests.test_actual_duplicate_replay_cli_rejects_corrupt_checkpoint_without_report) ... ok
test_actual_replay_cli_restore_and_net_exit_preserve_original_journal (test_paper_restart_integration.PaperRestartIntegrationTests.test_actual_replay_cli_restore_and_net_exit_preserve_original_journal) ... ok
test_fresh_and_raw_only_standalone_reports_remain_valid_and_read_only (test_paper_restart_integration.PaperRestartIntegrationTests.test_fresh_and_raw_only_standalone_reports_remain_valid_and_read_only) ... ok
test_fresh_raw_and_health_only_ledger_initializes_legitimately (test_paper_restart_integration.PaperRestartIntegrationTests.test_fresh_raw_and_health_only_ledger_initializes_legitimately) ... ok
test_invalid_checkpoint_duplicates_and_new_work_never_acknowledge_or_mutate (test_paper_restart_integration.PaperRestartIntegrationTests.test_invalid_checkpoint_duplicates_and_new_work_never_acknowledge_or_mutate) ... ok
test_missing_committed_checkpoint_refuses_duplicate_and_new_fills (test_paper_restart_integration.PaperRestartIntegrationTests.test_missing_committed_checkpoint_refuses_duplicate_and_new_fills) ... ok
test_missing_committed_config_identity_cannot_rebind_costs_after_restart (test_paper_restart_integration.PaperRestartIntegrationTests.test_missing_committed_config_identity_cannot_rebind_costs_after_restart) ... ok
test_orphan_outcome_after_partial_event_loss_refuses_replay (test_paper_restart_integration.PaperRestartIntegrationTests.test_orphan_outcome_after_partial_event_loss_refuses_replay) ... ok
test_partial_restore_surviving_evidence_never_reinitializes_or_fills (test_paper_restart_integration.PaperRestartIntegrationTests.test_partial_restore_surviving_evidence_never_reinitializes_or_fills) ... ok
test_partial_stale_proof_latch_is_atomic_across_multi_outcome_crash (test_paper_restart_integration.PaperRestartIntegrationTests.test_partial_stale_proof_latch_is_atomic_across_multi_outcome_crash) ... ok
test_simultaneous_duplicate_entry_partial_and_final_delivery (test_paper_restart_integration.PaperRestartIntegrationTests.test_simultaneous_duplicate_entry_partial_and_final_delivery) ... ok
test_standalone_report_refuses_missing_committed_checkpoint_without_mutation (test_paper_restart_integration.PaperRestartIntegrationTests.test_standalone_report_refuses_missing_committed_checkpoint_without_mutation) ... ok
test_actual_cli_profiles_entry_refresh_exit_restart_preserve_unknowns_and_risk (test_paper_runner_experimental_config.ExperimentalRunnerConfigTests.test_actual_cli_profiles_entry_refresh_exit_restart_preserve_unknowns_and_risk) ... ok
test_experimental_ledger_cannot_switch_back_to_strict_config (test_paper_runner_experimental_config.ExperimentalRunnerConfigTests.test_experimental_ledger_cannot_switch_back_to_strict_config) ... ok
test_experimental_outage_and_controls_do_not_invent_exit_or_permission (test_paper_runner_experimental_config.ExperimentalRunnerConfigTests.test_experimental_outage_and_controls_do_not_invent_exit_or_permission) ... ok
test_fixture_json_cannot_opt_in_and_config_cannot_adopt_old_ledger (test_paper_runner_experimental_config.ExperimentalRunnerConfigTests.test_fixture_json_cannot_opt_in_and_config_cannot_adopt_old_ledger) ... ok
test_live_provenance_missing_metadata_and_invalid_versions_refuse (test_paper_runner_experimental_config.ExperimentalRunnerConfigTests.test_live_provenance_missing_metadata_and_invalid_versions_refuse) ... ok
test_profile_versions_and_metadata_cannot_widen_v1_or_adopt_v2 (test_paper_runner_experimental_config.ExperimentalRunnerConfigTests.test_profile_versions_and_metadata_cannot_widen_v1_or_adopt_v2) ... ok
test_run_batch_uses_current_config_not_adapter_construction_permission (test_paper_runner_experimental_config.ExperimentalRunnerConfigTests.test_run_batch_uses_current_config_not_adapter_construction_permission) ... ok
test_actual_held_checkpoint_refuses_entry_without_ledger_change (test_paper_scheduler.SchedulerTests.test_actual_held_checkpoint_refuses_entry_without_ledger_change) ... ok
test_actual_wrapper_busy_has_no_command_or_credentials (test_paper_scheduler.SchedulerTests.test_actual_wrapper_busy_has_no_command_or_credentials) ... ok
test_command_exception_releases_outer_lease (test_paper_scheduler.SchedulerTests.test_command_exception_releases_outer_lease) ... ok
test_dashboard_once_obeys_actual_shared_lease (test_paper_scheduler.SchedulerTests.test_dashboard_once_obeys_actual_shared_lease) ... ok
test_exec_retains_lease_without_parent_child_gap (test_paper_scheduler.SchedulerTests.test_exec_retains_lease_without_parent_child_gap) ... ok
test_handoffs_keep_outer_lease_then_restart_releases (test_paper_scheduler.SchedulerTests.test_handoffs_keep_outer_lease_then_restart_releases) ... ok
test_in_process_command_keeps_lease_across_handoffs (test_paper_scheduler.SchedulerTests.test_in_process_command_keeps_lease_across_handoffs) ... ok
test_missing_symlink_hardlink_and_permissions_rejected (test_paper_scheduler.SchedulerTests.test_missing_symlink_hardlink_and_permissions_rejected) ... ok
test_real_decisions_cli_and_argv_restoration (test_paper_scheduler.SchedulerTests.test_real_decisions_cli_and_argv_restoration) ... ok
test_real_expire_cli_and_argv_restoration (test_paper_scheduler.SchedulerTests.test_real_expire_cli_and_argv_restoration) ... ok
test_same_path_replacement_rejects_pinned_identity (test_paper_scheduler.SchedulerTests.test_same_path_replacement_rejects_pinned_identity) ... ok
test_candidate_actual_retained_capture_cli_handoff_and_no_database_writes (test_paper_target_export.TargetExportTests.test_candidate_actual_retained_capture_cli_handoff_and_no_database_writes) ... ok
test_missing_migration_wrong_pool_and_missing_admission_refuse_output (test_paper_target_export.TargetExportTests.test_missing_migration_wrong_pool_and_missing_admission_refuse_output) ... ok
test_output_collision_atomic_publication_and_corrupt_checkpoint_refuse (test_paper_target_export.TargetExportTests.test_output_collision_atomic_publication_and_corrupt_checkpoint_refuse) ... ok
test_positions_config_malformed_duplicate_and_oversized_before_databases (test_paper_target_export.TargetExportTests.test_positions_config_malformed_duplicate_and_oversized_before_databases) ... ok
test_positions_derive_original_scan_and_current_partial_raw_inventory (test_paper_target_export.TargetExportTests.test_positions_derive_original_scan_and_current_partial_raw_inventory) ... ok
test_preflight_schema_and_query_bounds_before_replay (test_paper_target_export.TargetExportTests.test_preflight_schema_and_query_bounds_before_replay) ... ok
test_real_cli_explicit_inputs_and_blocked_diagnostics (test_paper_target_export.TargetExportTests.test_real_cli_explicit_inputs_and_blocked_diagnostics) ... ok
test_active_freeze_authority_is_one_charge_rejection (test_paper_terminal_reconciliation.TerminalReconciliationTests.test_active_freeze_authority_is_one_charge_rejection) ... ok
test_active_mint_authority_is_intrinsic_one_charge_terminal_rejection (test_paper_terminal_reconciliation.TerminalReconciliationTests.test_active_mint_authority_is_intrinsic_one_charge_terminal_rejection) ... ok
test_actual_history_first_wrapper_retired_and_unrelated_preflight (test_paper_terminal_reconciliation.TerminalReconciliationTests.test_actual_history_first_wrapper_retired_and_unrelated_preflight) ... ok
test_bounded_proof_decode_still_rejects_trailing_compression_and_checksum_corruption (test_paper_terminal_reconciliation.TerminalReconciliationTests.test_bounded_proof_decode_still_rejects_trailing_compression_and_checksum_corruption) ... ok
test_changed_ledger_budget_invocation_and_pending_transport_refuse (test_paper_terminal_reconciliation.TerminalReconciliationTests.test_changed_ledger_budget_invocation_and_pending_transport_refuse) ... ok
test_existing_monitoring_grant_is_verified_and_preserved (test_paper_terminal_reconciliation.TerminalReconciliationTests.test_existing_monitoring_grant_is_verified_and_preserved) ... ok
test_failed_transport_retains_charge_and_stays_globally_blocked (test_paper_terminal_reconciliation.TerminalReconciliationTests.test_failed_transport_retains_charge_and_stays_globally_blocked) ... ok
test_final_ledger_write_before_append_conflict_refuses (test_paper_terminal_reconciliation.TerminalReconciliationTests.test_final_ledger_write_before_append_conflict_refuses) ... ok
test_future_known_rejection_certifies_intrinsic_without_policy_or_retry (test_paper_terminal_reconciliation.TerminalReconciliationTests.test_future_known_rejection_certifies_intrinsic_without_policy_or_retry) ... ok
test_hash_shape_is_rejected_before_any_receipt_parser (test_paper_terminal_reconciliation.TerminalReconciliationTests.test_hash_shape_is_rejected_before_any_receipt_parser) ... ok
test_intrinsic_binding_tampering_refuses_both_consumers (test_paper_terminal_reconciliation.TerminalReconciliationTests.test_intrinsic_binding_tampering_refuses_both_consumers) ... ok
test_legacy_requires_exact_review_pin_original_null_and_charges_preserved (test_paper_terminal_reconciliation.TerminalReconciliationTests.test_legacy_requires_exact_review_pin_original_null_and_charges_preserved) ... ok
test_locked_read_only_plan_is_not_authorization (test_paper_terminal_reconciliation.TerminalReconciliationTests.test_locked_read_only_plan_is_not_authorization) ... ok
test_missing_duplicate_reordered_and_failed_attempts_refuse_without_mutation (test_paper_terminal_reconciliation.TerminalReconciliationTests.test_missing_duplicate_reordered_and_failed_attempts_refuse_without_mutation) ... ok
test_missing_original_atomic_capture_is_not_reconstructed_into_evidence (test_paper_terminal_reconciliation.TerminalReconciliationTests.test_missing_original_atomic_capture_is_not_reconstructed_into_evidence) ... ok
test_monitoring_unreturned_attempt_remains_blocked (test_paper_terminal_reconciliation.TerminalReconciliationTests.test_monitoring_unreturned_attempt_remains_blocked) ... ok
test_other_pending_pass_not_exempted_and_immutable_guard_validation (test_paper_terminal_reconciliation.TerminalReconciliationTests.test_other_pending_pass_not_exempted_and_immutable_guard_validation) ... ok
test_pacing_pending_refuses_and_does_not_finish_ticket (test_paper_terminal_reconciliation.TerminalReconciliationTests.test_pacing_pending_refuses_and_does_not_finish_ticket) ... ok
test_proof_preflight_and_content_fetch_share_snapshot_during_concurrent_replacement (test_paper_terminal_reconciliation.TerminalReconciliationTests.test_proof_preflight_and_content_fetch_share_snapshot_during_concurrent_replacement) ... ok
test_proof_sql_preflight_rejects_corrupt_blobs_types_and_raw_bounds_without_fetch (test_paper_terminal_reconciliation.TerminalReconciliationTests.test_proof_sql_preflight_rejects_corrupt_blobs_types_and_raw_bounds_without_fetch) ... ok
test_receipt_insert_replace_cannot_overwrite_original (test_paper_terminal_reconciliation.TerminalReconciliationTests.test_receipt_insert_replace_cannot_overwrite_original) ... ok
test_reused_monitoring_source_exceeds18_retains_all_outcomes_and_preserves_existing_cap (test_paper_terminal_reconciliation.TerminalReconciliationTests.test_reused_monitoring_source_exceeds18_retains_all_outcomes_and_preserves_existing_cap) ... ok
test_reused_monitoring_source_failure_after18_still_retains_mandatory_outcome (test_paper_terminal_reconciliation.TerminalReconciliationTests.test_reused_monitoring_source_failure_after18_still_retains_mandatory_outcome) ... ok
test_scalar_payload_preflight_before_parser_and_partial_schema_refusal (test_paper_terminal_reconciliation.TerminalReconciliationTests.test_scalar_payload_preflight_before_parser_and_partial_schema_refusal) ... ok
test_text_matching_generic_error_is_not_terminal_classification (test_paper_terminal_reconciliation.TerminalReconciliationTests.test_text_matching_generic_error_is_not_terminal_classification) ... 